MMSI,Name,Ship type,Flag,Destination,# Timestamp,Latitude,Longitude,SOG,COG
419005678,MV NIGHT PASSAGE,Tanker,PA,MUMBAI,23/08/2026 00:02:34,6.951,79.842,11.5,295.9
419005678,MV NIGHT PASSAGE,Tanker,PA,MUMBAI,23/08/2026 00:22:34,6.976774,79.783154,11.9,293.0
419005678,MV NIGHT PASSAGE,Tanker,PA,MUMBAI,23/08/2026 00:42:34,7.002548,79.724304,11.4,293.0
419005678,MV NIGHT PASSAGE,Tanker,PA,MUMBAI,23/08/2026 01:02:34,7.028322,79.665452,11.7,293.7
419005678,MV NIGHT PASSAGE,Tanker,PA,MUMBAI,23/08/2026 01:22:34,7.054096,79.606596,11.7,291.0
419005678,MV NIGHT PASSAGE,Tanker,PA,MUMBAI,23/08/2026 01:42:34,7.079871,79.547736,12.0,293.7
419005678,MV NIGHT PASSAGE,Tanker,PA,MUMBAI,23/08/2026 02:02:34,7.105645,79.488874,11.7,293.6
419005678,MV NIGHT PASSAGE,Tanker,PA,MUMBAI,23/08/2026 02:22:34,7.131419,79.430008,11.4,294.5
419005678,MV NIGHT PASSAGE,Tanker,PA,MUMBAI,23/08/2026 02:42:34,7.157193,79.371139,11.7,293.5
419005678,MV NIGHT PASSAGE,Tanker,PA,MUMBAI,23/08/2026 03:02:34,7.182967,79.312266,11.5,294.8
419005678,MV NIGHT PASSAGE,Tanker,PA,MUMBAI,23/08/2026 03:22:34,7.208741,79.25339,11.2,291.5
419005678,MV NIGHT PASSAGE,Tanker,PA,MUMBAI,23/08/2026 03:42:34,7.234515,79.194511,11.6,292.8
419005678,MV NIGHT PASSAGE,Tanker,PA,MUMBAI,23/08/2026 04:02:34,7.260289,79.135628,10.9,292.6
419005678,MV NIGHT PASSAGE,Tanker,PA,MUMBAI,23/08/2026 04:22:34,7.286063,79.076742,11.4,292.0
419005678,MV NIGHT PASSAGE,Tanker,PA,MUMBAI,23/08/2026 04:42:34,7.311837,79.017853,11.1,293.9
419005678,MV NIGHT PASSAGE,Tanker,PA,MUMBAI,23/08/2026 05:02:34,7.337611,78.95896,11.8,293.5
419005678,MV NIGHT PASSAGE,Tanker,PA,MUMBAI,23/08/2026 05:22:34,7.363384,78.900064,11.3,294.4
419005678,MV NIGHT PASSAGE,Tanker,PA,MUMBAI,23/08/2026 05:42:34,7.389158,78.841164,11.7,293.4
419005678,MV NIGHT PASSAGE,Tanker,PA,MUMBAI,23/08/2026 06:02:34,7.414932,78.782261,11.7,295.4
419005678,MV NIGHT PASSAGE,Tanker,PA,MUMBAI,23/08/2026 06:22:34,7.440706,78.723355,11.4,292.6
419005678,MV NIGHT PASSAGE,Tanker,PA,MUMBAI,23/08/2026 06:42:34,7.46648,78.664445,11.6,294.2
419005678,MV NIGHT PASSAGE,Tanker,PA,MUMBAI,23/08/2026 07:02:34,7.492254,78.605531,11.8,291.9
419005678,MV NIGHT PASSAGE,Tanker,PA,MUMBAI,23/08/2026 07:22:34,7.518028,78.546614,11.3,292.6
419005678,MV NIGHT PASSAGE,Tanker,PA,MUMBAI,23/08/2026 07:42:34,7.543802,78.487694,11.0,294.0
419005678,MV NIGHT PASSAGE,Tanker,PA,MUMBAI,23/08/2026 08:02:34,7.569575,78.42877,11.7,292.7
419005678,MV NIGHT PASSAGE,Tanker,PA,MUMBAI,23/08/2026 08:22:34,7.595349,78.369842,11.9,295.0
419005678,MV NIGHT PASSAGE,Tanker,PA,MUMBAI,23/08/2026 08:42:34,7.621123,78.310911,11.7,294.4
419005678,MV NIGHT PASSAGE,Tanker,PA,MUMBAI,23/08/2026 09:02:34,7.646897,78.251977,11.8,291.8
419005678,MV NIGHT PASSAGE,Tanker,PA,MUMBAI,23/08/2026 09:22:34,7.672671,78.193039,11.7,294.7
419005678,MV NIGHT PASSAGE,Tanker,PA,MUMBAI,23/08/2026 09:42:34,7.698444,78.134097,11.0,294.3
419005678,MV NIGHT PASSAGE,Tanker,PA,MUMBAI,23/08/2026 10:02:34,7.724218,78.075151,11.4,295.0
419005678,MV NIGHT PASSAGE,Tanker,PA,MUMBAI,23/08/2026 10:22:34,7.749992,78.016203,11.4,293.8
419005678,MV NIGHT PASSAGE,Tanker,PA,MUMBAI,23/08/2026 10:42:34,7.775765,77.95725,11.6,292.5
419005678,MV NIGHT PASSAGE,Tanker,PA,MUMBAI,23/08/2026 11:02:34,7.801539,77.898294,11.7,293.7
419005678,MV NIGHT PASSAGE,Tanker,PA,MUMBAI,23/08/2026 11:22:34,7.827313,77.839334,11.6,293.0
419005678,MV NIGHT PASSAGE,Tanker,PA,MUMBAI,23/08/2026 11:42:34,7.853086,77.78037,11.8,294.7
419005678,MV NIGHT PASSAGE,Tanker,PA,MUMBAI,23/08/2026 12:02:34,7.87886,77.721403,11.4,294.8
419005678,MV NIGHT PASSAGE,Tanker,PA,MUMBAI,23/08/2026 12:22:34,7.904634,77.662432,11.9,296.5
419005678,MV NIGHT PASSAGE,Tanker,PA,MUMBAI,23/08/2026 12:42:34,7.930407,77.603458,11.0,295.1
419005678,MV NIGHT PASSAGE,Tanker,PA,MUMBAI,23/08/2026 13:02:34,7.956181,77.54448,11.6,293.7
419005678,MV NIGHT PASSAGE,Tanker,PA,MUMBAI,23/08/2026 13:22:34,7.981955,77.485498,11.2,295.7
419005678,MV NIGHT PASSAGE,Tanker,PA,MUMBAI,23/08/2026 13:42:34,8.007728,77.426512,11.1,294.7
419005678,MV NIGHT PASSAGE,Tanker,PA,MUMBAI,23/08/2026 14:02:34,8.033502,77.367523,11.9,291.4
419005678,MV NIGHT PASSAGE,Tanker,PA,MUMBAI,23/08/2026 14:22:34,8.059275,77.30853,11.4,291.8
419005678,MV NIGHT PASSAGE,Tanker,PA,MUMBAI,23/08/2026 14:42:34,8.085049,77.249533,11.6,296.1
419005678,MV NIGHT PASSAGE,Tanker,PA,MUMBAI,23/08/2026 15:02:34,8.110822,77.190532,12.1,291.1
419005678,MV NIGHT PASSAGE,Tanker,PA,MUMBAI,23/08/2026 15:22:34,8.136596,77.131528,11.3,294.9
419005678,MV NIGHT PASSAGE,Tanker,PA,MUMBAI,23/08/2026 15:42:34,8.162369,77.072519,12.0,294.4
419005678,MV NIGHT PASSAGE,Tanker,PA,MUMBAI,23/08/2026 16:02:34,8.188143,77.013507,11.3,294.3
419005678,MV NIGHT PASSAGE,Tanker,PA,MUMBAI,23/08/2026 16:22:34,8.213916,76.954491,11.5,293.5
419005678,MV NIGHT PASSAGE,Tanker,PA,MUMBAI,23/08/2026 16:42:34,8.23969,76.895472,11.3,294.4
419005678,MV NIGHT PASSAGE,Tanker,PA,MUMBAI,23/08/2026 17:02:34,8.265463,76.836448,11.6,293.7
419005678,MV NIGHT PASSAGE,Tanker,PA,MUMBAI,23/08/2026 17:22:34,8.291237,76.777421,11.4,291.9
419005678,MV NIGHT PASSAGE,Tanker,PA,MUMBAI,23/08/2026 17:42:34,8.31701,76.718389,11.4,295.6
419005678,MV NIGHT PASSAGE,Tanker,PA,MUMBAI,23/08/2026 18:02:34,8.342784,76.659354,11.4,291.7
419005678,MV NIGHT PASSAGE,Tanker,PA,MUMBAI,23/08/2026 18:22:34,8.368557,76.600315,11.9,294.6
419005678,MV NIGHT PASSAGE,Tanker,PA,MUMBAI,23/08/2026 18:42:34,8.39433,76.541272,12.1,293.9
419005678,MV NIGHT PASSAGE,Tanker,PA,MUMBAI,23/08/2026 19:02:34,8.420104,76.482225,11.4,291.6
419005678,MV NIGHT PASSAGE,Tanker,PA,MUMBAI,23/08/2026 19:22:34,8.445877,76.423174,11.9,297.7
419005678,MV NIGHT PASSAGE,Tanker,PA,MUMBAI,23/08/2026 19:42:34,8.47165,76.364119,11.3,292.8
419005678,MV NIGHT PASSAGE,Tanker,PA,MUMBAI,23/08/2026 20:02:34,8.497424,76.30506,11.7,292.6
419005678,MV NIGHT PASSAGE,Tanker,PA,MUMBAI,23/08/2026 20:22:34,8.523197,76.245997,11.4,293.3
419005678,MV NIGHT PASSAGE,Tanker,PA,MUMBAI,23/08/2026 20:42:34,8.54897,76.186931,11.6,295.5
419005678,MV NIGHT PASSAGE,Tanker,PA,MUMBAI,23/08/2026 21:02:34,8.574744,76.12786,11.5,295.2
419005678,MV NIGHT PASSAGE,Tanker,PA,MUMBAI,23/08/2026 21:22:34,8.600517,76.068785,11.4,294.3
419005678,MV NIGHT PASSAGE,Tanker,PA,MUMBAI,23/08/2026 21:42:34,8.62629,76.009706,10.9,291.6
419005678,MV NIGHT PASSAGE,Tanker,PA,MUMBAI,23/08/2026 22:02:34,8.652063,75.950623,11.7,292.9
419005678,MV NIGHT PASSAGE,Tanker,PA,MUMBAI,23/08/2026 22:22:34,8.677837,75.891537,11.7,294.6
419005678,MV NIGHT PASSAGE,Tanker,PA,MUMBAI,23/08/2026 22:42:34,8.70361,75.832446,11.9,295.0
419005678,MV NIGHT PASSAGE,Tanker,PA,MUMBAI,23/08/2026 23:02:34,8.729383,75.773351,11.8,293.6
419005678,MV NIGHT PASSAGE,Tanker,PA,MUMBAI,23/08/2026 23:22:34,8.755156,75.714251,11.3,292.7
419005678,MV NIGHT PASSAGE,Tanker,PA,MUMBAI,23/08/2026 23:42:34,8.780929,75.655148,11.4,292.1
419005678,MV NIGHT PASSAGE,Tanker,PA,MUMBAI,24/08/2026 00:02:34,8.806703,75.596041,11.3,293.7
419005678,MV NIGHT PASSAGE,Tanker,PA,MUMBAI,24/08/2026 00:22:34,8.832476,75.536929,11.6,293.3
419005678,MV NIGHT PASSAGE,Tanker,PA,MUMBAI,24/08/2026 00:42:34,8.858249,75.477814,10.9,293.7
419005678,MV NIGHT PASSAGE,Tanker,PA,MUMBAI,24/08/2026 01:02:34,8.884022,75.418694,11.6,295.4
419005678,MV NIGHT PASSAGE,Tanker,PA,MUMBAI,24/08/2026 01:22:34,8.909795,75.35957,11.7,292.8
419005678,MV NIGHT PASSAGE,Tanker,PA,MUMBAI,24/08/2026 01:42:34,8.935568,75.300442,11.3,296.8
419005678,MV NIGHT PASSAGE,Tanker,PA,MUMBAI,24/08/2026 02:02:34,8.961341,75.24131,11.7,296.6
419005678,MV NIGHT PASSAGE,Tanker,PA,MUMBAI,24/08/2026 02:22:34,8.987114,75.182173,12.1,292.6
419005678,MV NIGHT PASSAGE,Tanker,PA,MUMBAI,24/08/2026 02:42:34,9.012887,75.123032,11.6,294.5
419005678,MV NIGHT PASSAGE,Tanker,PA,MUMBAI,24/08/2026 03:02:34,9.03866,75.063888,11.7,294.6
419005678,MV NIGHT PASSAGE,Tanker,PA,MUMBAI,24/08/2026 03:22:34,9.064433,75.004738,11.6,294.1
419005678,MV NIGHT PASSAGE,Tanker,PA,MUMBAI,24/08/2026 03:42:34,9.090206,74.945585,11.0,293.6
419005678,MV NIGHT PASSAGE,Tanker,PA,MUMBAI,24/08/2026 04:02:34,9.115979,74.886427,11.3,294.0
419005678,MV NIGHT PASSAGE,Tanker,PA,MUMBAI,24/08/2026 04:22:34,9.141752,74.827265,11.4,294.7
419005678,MV NIGHT PASSAGE,Tanker,PA,MUMBAI,24/08/2026 04:42:34,9.167525,74.768099,11.7,294.3
419005678,MV NIGHT PASSAGE,Tanker,PA,MUMBAI,24/08/2026 05:02:34,9.193298,74.708929,11.6,294.0
419005678,MV NIGHT PASSAGE,Tanker,PA,MUMBAI,24/08/2026 05:22:34,9.219071,74.649754,11.4,293.6
419005678,MV NIGHT PASSAGE,Tanker,PA,MUMBAI,24/08/2026 05:42:34,9.244844,74.590574,11.4,294.4
419005678,MV NIGHT PASSAGE,Tanker,PA,MUMBAI,24/08/2026 09:02:34,9.281429,74.414286,11.5,352.1
419005678,MV NIGHT PASSAGE,Tanker,PA,MUMBAI,24/08/2026 09:22:34,9.344525,74.404402,11.1,352.5
419005678,MV NIGHT PASSAGE,Tanker,PA,MUMBAI,24/08/2026 09:42:34,9.407621,74.394517,11.3,350.1
419005678,MV NIGHT PASSAGE,Tanker,PA,MUMBAI,24/08/2026 10:02:34,9.470718,74.384629,11.4,350.4
419005678,MV NIGHT PASSAGE,Tanker,PA,MUMBAI,24/08/2026 10:22:34,9.533814,74.37474,11.6,350.4
419005678,MV NIGHT PASSAGE,Tanker,PA,MUMBAI,24/08/2026 10:42:34,9.59691,74.364849,11.2,349.9
419005678,MV NIGHT PASSAGE,Tanker,PA,MUMBAI,24/08/2026 11:02:34,9.660007,74.354956,11.9,351.3
419005678,MV NIGHT PASSAGE,Tanker,PA,MUMBAI,24/08/2026 11:22:34,9.723103,74.345062,11.1,351.2
419005678,MV NIGHT PASSAGE,Tanker,PA,MUMBAI,24/08/2026 11:42:34,9.786199,74.335165,11.0,353.9
419005678,MV NIGHT PASSAGE,Tanker,PA,MUMBAI,24/08/2026 12:02:34,9.849296,74.325267,11.0,351.9
419005678,MV NIGHT PASSAGE,Tanker,PA,MUMBAI,24/08/2026 12:22:34,9.912392,74.315366,11.7,349.0
419005678,MV NIGHT PASSAGE,Tanker,PA,MUMBAI,24/08/2026 12:42:34,9.975488,74.305464,11.6,352.7
419005678,MV NIGHT PASSAGE,Tanker,PA,MUMBAI,24/08/2026 13:02:34,10.038585,74.29556,11.6,351.6
419005678,MV NIGHT PASSAGE,Tanker,PA,MUMBAI,24/08/2026 13:22:34,10.101681,74.285654,11.8,351.5
419005678,MV NIGHT PASSAGE,Tanker,PA,MUMBAI,24/08/2026 13:42:34,10.164778,74.275746,11.6,351.0
419005678,MV NIGHT PASSAGE,Tanker,PA,MUMBAI,24/08/2026 14:02:34,10.227874,74.265836,11.7,349.8
419005678,MV NIGHT PASSAGE,Tanker,PA,MUMBAI,24/08/2026 14:22:34,10.29097,74.255924,11.7,350.5
419005678,MV NIGHT PASSAGE,Tanker,PA,MUMBAI,24/08/2026 14:42:34,10.354067,74.24601,11.2,351.8
419005678,MV NIGHT PASSAGE,Tanker,PA,MUMBAI,24/08/2026 15:02:34,10.417163,74.236094,12.0,352.7
419005678,MV NIGHT PASSAGE,Tanker,PA,MUMBAI,24/08/2026 15:22:34,10.480259,74.226176,11.3,352.3
419005678,MV NIGHT PASSAGE,Tanker,PA,MUMBAI,24/08/2026 15:42:34,10.543356,74.216256,11.4,351.0
419005678,MV NIGHT PASSAGE,Tanker,PA,MUMBAI,24/08/2026 16:02:34,10.606452,74.206334,11.5,347.7
419005678,MV NIGHT PASSAGE,Tanker,PA,MUMBAI,24/08/2026 16:22:34,10.669548,74.19641,11.6,349.7
419005678,MV NIGHT PASSAGE,Tanker,PA,MUMBAI,24/08/2026 16:42:34,10.732645,74.186484,11.3,349.0
419005678,MV NIGHT PASSAGE,Tanker,PA,MUMBAI,24/08/2026 17:02:34,10.795741,74.176555,11.0,349.8
419005678,MV NIGHT PASSAGE,Tanker,PA,MUMBAI,24/08/2026 17:22:34,10.858837,74.166625,11.7,353.7
419005678,MV NIGHT PASSAGE,Tanker,PA,MUMBAI,24/08/2026 17:42:34,10.921934,74.156693,11.5,352.9
419005678,MV NIGHT PASSAGE,Tanker,PA,MUMBAI,24/08/2026 18:02:34,10.98503,74.146758,11.4,348.3
419005678,MV NIGHT PASSAGE,Tanker,PA,MUMBAI,24/08/2026 18:22:34,11.048126,74.136821,11.5,351.9
419005678,MV NIGHT PASSAGE,Tanker,PA,MUMBAI,24/08/2026 18:42:34,11.111223,74.126882,11.4,351.7
419005678,MV NIGHT PASSAGE,Tanker,PA,MUMBAI,24/08/2026 19:02:34,11.174319,74.116941,11.7,349.9
419005678,MV NIGHT PASSAGE,Tanker,PA,MUMBAI,24/08/2026 19:22:34,11.237415,74.106998,11.1,350.9
419005678,MV NIGHT PASSAGE,Tanker,PA,MUMBAI,24/08/2026 19:42:34,11.300512,74.097053,11.4,350.7
419005678,MV NIGHT PASSAGE,Tanker,PA,MUMBAI,24/08/2026 20:02:34,11.363608,74.087105,11.8,353.8
419005678,MV NIGHT PASSAGE,Tanker,PA,MUMBAI,24/08/2026 20:22:34,11.426704,74.077156,11.4,352.3
419005678,MV NIGHT PASSAGE,Tanker,PA,MUMBAI,24/08/2026 20:42:34,11.489801,74.067204,11.8,352.3
419005678,MV NIGHT PASSAGE,Tanker,PA,MUMBAI,24/08/2026 21:02:34,11.552897,74.05725,11.8,350.6
419005678,MV NIGHT PASSAGE,Tanker,PA,MUMBAI,24/08/2026 21:22:34,11.615993,74.047293,11.7,354.3
419005678,MV NIGHT PASSAGE,Tanker,PA,MUMBAI,24/08/2026 21:42:34,11.67909,74.037334,11.7,350.3
419005678,MV NIGHT PASSAGE,Tanker,PA,MUMBAI,24/08/2026 22:02:34,11.742186,74.027373,11.7,353.1
419005678,MV NIGHT PASSAGE,Tanker,PA,MUMBAI,24/08/2026 22:22:34,11.805282,74.01741,11.6,350.4
419005678,MV NIGHT PASSAGE,Tanker,PA,MUMBAI,24/08/2026 22:42:34,11.868379,74.007445,12.0,349.3
419005678,MV NIGHT PASSAGE,Tanker,PA,MUMBAI,24/08/2026 23:02:34,11.931475,73.997477,11.7,351.2
419005678,MV NIGHT PASSAGE,Tanker,PA,MUMBAI,24/08/2026 23:22:34,11.994571,73.987506,11.1,353.0
419005678,MV NIGHT PASSAGE,Tanker,PA,MUMBAI,24/08/2026 23:42:34,12.057668,73.977534,11.6,349.5
419005678,MV NIGHT PASSAGE,Tanker,PA,MUMBAI,25/08/2026 00:02:34,12.120764,73.967559,11.7,350.6
419005678,MV NIGHT PASSAGE,Tanker,PA,MUMBAI,25/08/2026 00:22:34,12.18386,73.957582,10.9,350.2
419005678,MV NIGHT PASSAGE,Tanker,PA,MUMBAI,25/08/2026 00:42:34,12.246957,73.947602,11.6,352.2
419005678,MV NIGHT PASSAGE,Tanker,PA,MUMBAI,25/08/2026 01:02:34,12.310053,73.93762,11.5,351.3
419005678,MV NIGHT PASSAGE,Tanker,PA,MUMBAI,25/08/2026 01:22:34,12.373149,73.927636,11.6,350.9
419005678,MV NIGHT PASSAGE,Tanker,PA,MUMBAI,25/08/2026 01:42:34,12.436245,73.917649,11.9,351.4
419005678,MV NIGHT PASSAGE,Tanker,PA,MUMBAI,25/08/2026 02:02:34,12.499342,73.907659,11.6,352.0
419005678,MV NIGHT PASSAGE,Tanker,PA,MUMBAI,25/08/2026 02:22:34,12.562438,73.897668,11.2,350.1
419005678,MV NIGHT PASSAGE,Tanker,PA,MUMBAI,25/08/2026 02:42:34,12.625534,73.887674,12.0,351.7
419005678,MV NIGHT PASSAGE,Tanker,PA,MUMBAI,25/08/2026 03:02:34,12.688631,73.877677,11.4,351.7
419005678,MV NIGHT PASSAGE,Tanker,PA,MUMBAI,25/08/2026 03:22:34,12.751727,73.867678,11.4,351.6
419005678,MV NIGHT PASSAGE,Tanker,PA,MUMBAI,25/08/2026 03:42:34,12.814823,73.857676,11.3,351.6
419005678,MV NIGHT PASSAGE,Tanker,PA,MUMBAI,25/08/2026 04:02:34,12.87792,73.847672,11.0,353.2
419005678,MV NIGHT PASSAGE,Tanker,PA,MUMBAI,25/08/2026 04:22:34,12.941016,73.837665,11.3,348.8
419005678,MV NIGHT PASSAGE,Tanker,PA,MUMBAI,25/08/2026 04:42:34,13.004112,73.827656,11.4,350.7
419005678,MV NIGHT PASSAGE,Tanker,PA,MUMBAI,25/08/2026 05:02:34,13.067209,73.817644,11.5,349.5
419005678,MV NIGHT PASSAGE,Tanker,PA,MUMBAI,25/08/2026 05:22:34,13.130305,73.80763,11.6,356.6
419005678,MV NIGHT PASSAGE,Tanker,PA,MUMBAI,25/08/2026 05:42:34,13.193401,73.797613,11.1,351.7
419005678,MV NIGHT PASSAGE,Tanker,PA,MUMBAI,25/08/2026 06:02:34,13.256497,73.787593,11.4,351.5
419005678,MV NIGHT PASSAGE,Tanker,PA,MUMBAI,25/08/2026 06:22:34,13.319594,73.777571,11.0,349.5
419005678,MV NIGHT PASSAGE,Tanker,PA,MUMBAI,25/08/2026 06:42:34,13.38269,73.767547,11.6,351.2
419005678,MV NIGHT PASSAGE,Tanker,PA,MUMBAI,25/08/2026 07:02:34,13.445786,73.757519,12.0,350.2
419005678,MV NIGHT PASSAGE,Tanker,PA,MUMBAI,25/08/2026 07:22:34,13.508883,73.747489,11.6,355.6
419005678,MV NIGHT PASSAGE,Tanker,PA,MUMBAI,25/08/2026 07:42:34,13.571979,73.737456,11.3,349.9
419005678,MV NIGHT PASSAGE,Tanker,PA,MUMBAI,25/08/2026 08:02:34,13.635075,73.727421,11.5,351.1
419005678,MV NIGHT PASSAGE,Tanker,PA,MUMBAI,25/08/2026 08:22:34,13.698172,73.717383,11.8,351.4
419005678,MV NIGHT PASSAGE,Tanker,PA,MUMBAI,25/08/2026 08:42:34,13.761268,73.707342,11.3,351.5
419005678,MV NIGHT PASSAGE,Tanker,PA,MUMBAI,25/08/2026 09:02:34,13.824364,73.697299,12.3,353.1
419005678,MV NIGHT PASSAGE,Tanker,PA,MUMBAI,25/08/2026 09:22:34,13.88746,73.687253,10.7,351.0
419005678,MV NIGHT PASSAGE,Tanker,PA,MUMBAI,25/08/2026 09:42:34,13.950557,73.677204,11.2,352.1
419005678,MV NIGHT PASSAGE,Tanker,PA,MUMBAI,25/08/2026 10:02:34,14.013653,73.667152,11.4,354.1
419005678,MV NIGHT PASSAGE,Tanker,PA,MUMBAI,25/08/2026 10:22:34,14.076749,73.657098,11.8,352.5
419005678,MV NIGHT PASSAGE,Tanker,PA,MUMBAI,25/08/2026 10:42:34,14.139846,73.64704,11.6,351.2
419005678,MV NIGHT PASSAGE,Tanker,PA,MUMBAI,25/08/2026 11:02:34,14.202942,73.63698,11.6,353.2
419005678,MV NIGHT PASSAGE,Tanker,PA,MUMBAI,25/08/2026 11:22:34,14.266038,73.626917,11.7,350.7
419005678,MV NIGHT PASSAGE,Tanker,PA,MUMBAI,25/08/2026 11:42:34,14.329134,73.616852,11.9,351.5
419005678,MV NIGHT PASSAGE,Tanker,PA,MUMBAI,25/08/2026 12:02:34,14.392231,73.606783,11.5,350.0
419005678,MV NIGHT PASSAGE,Tanker,PA,MUMBAI,25/08/2026 12:22:34,14.455327,73.596712,11.3,350.3
419005678,MV NIGHT PASSAGE,Tanker,PA,MUMBAI,25/08/2026 12:42:34,14.518423,73.586638,10.7,352.7
419005678,MV NIGHT PASSAGE,Tanker,PA,MUMBAI,25/08/2026 13:02:34,14.58152,73.576561,11.7,350.9
419005678,MV NIGHT PASSAGE,Tanker,PA,MUMBAI,25/08/2026 13:22:34,14.644616,73.566481,11.8,351.9
419005678,MV NIGHT PASSAGE,Tanker,PA,MUMBAI,25/08/2026 13:42:34,14.707712,73.556398,11.6,347.5
419005678,MV NIGHT PASSAGE,Tanker,PA,MUMBAI,25/08/2026 14:02:34,14.770808,73.546312,11.4,352.0
419005678,MV NIGHT PASSAGE,Tanker,PA,MUMBAI,25/08/2026 14:22:34,14.833905,73.536223,12.0,354.0
419005678,MV NIGHT PASSAGE,Tanker,PA,MUMBAI,25/08/2026 14:42:34,14.897001,73.526131,11.9,349.5
419005678,MV NIGHT PASSAGE,Tanker,PA,MUMBAI,25/08/2026 15:02:34,14.960097,73.516037,10.8,352.1
419005678,MV NIGHT PASSAGE,Tanker,PA,MUMBAI,25/08/2026 15:22:34,15.023194,73.505939,11.5,352.7
419005678,MV NIGHT PASSAGE,Tanker,PA,MUMBAI,25/08/2026 15:42:34,15.08629,73.495838,11.5,351.5
419005678,MV NIGHT PASSAGE,Tanker,PA,MUMBAI,25/08/2026 16:02:34,15.149386,73.485735,11.1,351.9
419005678,MV NIGHT PASSAGE,Tanker,PA,MUMBAI,25/08/2026 16:22:34,15.212482,73.475628,11.4,351.7
419005678,MV NIGHT PASSAGE,Tanker,PA,MUMBAI,25/08/2026 16:42:34,15.275579,73.465518,11.6,351.0
419005678,MV NIGHT PASSAGE,Tanker,PA,MUMBAI,25/08/2026 17:02:34,15.338675,73.455405,11.6,351.2
419005678,MV NIGHT PASSAGE,Tanker,PA,MUMBAI,25/08/2026 17:22:34,15.401771,73.44529,11.7,352.0
419005678,MV NIGHT PASSAGE,Tanker,PA,MUMBAI,25/08/2026 17:42:34,15.464867,73.435171,11.3,350.3
419005678,MV NIGHT PASSAGE,Tanker,PA,MUMBAI,25/08/2026 18:02:34,15.527964,73.425049,12.0,351.1
419005678,MV NIGHT PASSAGE,Tanker,PA,MUMBAI,25/08/2026 18:22:34,15.59106,73.414924,11.8,351.8
419005678,MV NIGHT PASSAGE,Tanker,PA,MUMBAI,25/08/2026 18:42:34,15.654156,73.404795,11.3,350.1
419005678,MV NIGHT PASSAGE,Tanker,PA,MUMBAI,25/08/2026 19:02:34,15.717252,73.394664,11.5,351.6
419005678,MV NIGHT PASSAGE,Tanker,PA,MUMBAI,25/08/2026 19:22:34,15.780349,73.38453,11.7,349.3
419005678,MV NIGHT PASSAGE,Tanker,PA,MUMBAI,25/08/2026 19:42:34,15.843445,73.374392,11.3,351.1
419005678,MV NIGHT PASSAGE,Tanker,PA,MUMBAI,25/08/2026 20:02:34,15.906541,73.364251,12.0,347.7
419005678,MV NIGHT PASSAGE,Tanker,PA,MUMBAI,25/08/2026 20:22:34,15.969638,73.354107,11.6,350.4
419005678,MV NIGHT PASSAGE,Tanker,PA,MUMBAI,25/08/2026 20:42:34,16.032734,73.34396,11.6,350.5
419005678,MV NIGHT PASSAGE,Tanker,PA,MUMBAI,25/08/2026 21:02:34,16.09583,73.33381,11.6,353.6
419005678,MV NIGHT PASSAGE,Tanker,PA,MUMBAI,25/08/2026 21:22:34,16.158926,73.323656,11.6,351.9
419005678,MV NIGHT PASSAGE,Tanker,PA,MUMBAI,25/08/2026 21:42:34,16.222023,73.313499,11.6,350.1
419005678,MV NIGHT PASSAGE,Tanker,PA,MUMBAI,25/08/2026 22:02:34,16.285119,73.303339,11.7,350.9
419005678,MV NIGHT PASSAGE,Tanker,PA,MUMBAI,25/08/2026 22:22:34,16.348215,73.293175,11.3,351.2
419005678,MV NIGHT PASSAGE,Tanker,PA,MUMBAI,25/08/2026 22:42:34,16.411311,73.283009,11.4,352.3
419005678,MV NIGHT PASSAGE,Tanker,PA,MUMBAI,25/08/2026 23:02:34,16.474408,73.272839,11.5,350.4
419005678,MV NIGHT PASSAGE,Tanker,PA,MUMBAI,25/08/2026 23:22:34,16.537504,73.262665,11.9,352.7
419005678,MV NIGHT PASSAGE,Tanker,PA,MUMBAI,25/08/2026 23:42:34,16.6006,73.252488,11.9,352.1
419005678,MV NIGHT PASSAGE,Tanker,PA,MUMBAI,26/08/2026 00:02:34,16.663696,73.242308,11.5,350.6
419005678,MV NIGHT PASSAGE,Tanker,PA,MUMBAI,26/08/2026 00:22:34,16.726793,73.232125,11.4,352.6
419005678,MV NIGHT PASSAGE,Tanker,PA,MUMBAI,26/08/2026 00:42:34,16.789889,73.221938,11.5,349.0
419005678,MV NIGHT PASSAGE,Tanker,PA,MUMBAI,26/08/2026 01:02:34,16.852985,73.211748,11.5,349.1
419005678,MV NIGHT PASSAGE,Tanker,PA,MUMBAI,26/08/2026 01:22:34,16.916081,73.201554,11.5,349.4
419005678,MV NIGHT PASSAGE,Tanker,PA,MUMBAI,26/08/2026 01:42:34,16.979178,73.191357,11.1,351.4
419005678,MV NIGHT PASSAGE,Tanker,PA,MUMBAI,26/08/2026 02:02:34,17.042274,73.181157,11.5,348.7
419005678,MV NIGHT PASSAGE,Tanker,PA,MUMBAI,26/08/2026 02:22:34,17.10537,73.170953,11.7,354.5
419005678,MV NIGHT PASSAGE,Tanker,PA,MUMBAI,26/08/2026 02:42:34,17.168466,73.160746,11.1,353.9
419005678,MV NIGHT PASSAGE,Tanker,PA,MUMBAI,26/08/2026 03:02:34,17.231563,73.150535,11.3,350.5
419005678,MV NIGHT PASSAGE,Tanker,PA,MUMBAI,26/08/2026 03:22:34,17.294659,73.140321,11.4,349.0
419005678,MV NIGHT PASSAGE,Tanker,PA,MUMBAI,26/08/2026 03:42:34,17.357755,73.130103,11.9,352.0
419005678,MV NIGHT PASSAGE,Tanker,PA,MUMBAI,26/08/2026 04:02:34,17.420851,73.119881,11.3,350.8
419005678,MV NIGHT PASSAGE,Tanker,PA,MUMBAI,26/08/2026 04:22:34,17.483947,73.109656,11.0,350.7
419005678,MV NIGHT PASSAGE,Tanker,PA,MUMBAI,26/08/2026 04:42:34,17.547044,73.099428,11.8,348.6
419005678,MV NIGHT PASSAGE,Tanker,PA,MUMBAI,26/08/2026 05:02:34,17.61014,73.089196,11.4,351.4
419005678,MV NIGHT PASSAGE,Tanker,PA,MUMBAI,26/08/2026 05:22:34,17.673236,73.07896,11.8,353.2
419005678,MV NIGHT PASSAGE,Tanker,PA,MUMBAI,26/08/2026 05:42:34,17.736332,73.068721,11.4,350.1
419005678,MV NIGHT PASSAGE,Tanker,PA,MUMBAI,26/08/2026 06:02:34,17.799429,73.058478,11.6,350.7
419005678,MV NIGHT PASSAGE,Tanker,PA,MUMBAI,26/08/2026 06:22:34,17.862525,73.048232,11.4,352.8
419005678,MV NIGHT PASSAGE,Tanker,PA,MUMBAI,26/08/2026 06:42:34,17.925621,73.037982,12.0,351.6
419005678,MV NIGHT PASSAGE,Tanker,PA,MUMBAI,26/08/2026 07:02:34,17.988717,73.027728,11.4,352.1
419005678,MV NIGHT PASSAGE,Tanker,PA,MUMBAI,26/08/2026 07:22:34,18.051814,73.01747,10.9,351.2
419005678,MV NIGHT PASSAGE,Tanker,PA,MUMBAI,26/08/2026 07:42:34,18.11491,73.007209,11.2,354.8
419005678,MV NIGHT PASSAGE,Tanker,PA,MUMBAI,26/08/2026 08:02:34,18.178006,72.996945,11.7,351.4
419005678,MV NIGHT PASSAGE,Tanker,PA,MUMBAI,26/08/2026 08:22:34,18.241102,72.986676,11.4,347.4
419005678,MV NIGHT PASSAGE,Tanker,PA,MUMBAI,26/08/2026 08:42:34,18.304198,72.976404,11.7,353.7
419005678,MV NIGHT PASSAGE,Tanker,PA,MUMBAI,26/08/2026 09:02:34,18.367295,72.966128,11.3,352.2
419005678,MV NIGHT PASSAGE,Tanker,PA,MUMBAI,26/08/2026 09:22:34,18.430391,72.955848,11.7,348.9
419005678,MV NIGHT PASSAGE,Tanker,PA,MUMBAI,26/08/2026 09:42:34,18.493487,72.945564,11.8,353.2
419005678,MV NIGHT PASSAGE,Tanker,PA,MUMBAI,26/08/2026 10:02:34,18.556583,72.935277,11.6,351.1
419005678,MV NIGHT PASSAGE,Tanker,PA,MUMBAI,26/08/2026 10:22:34,18.61968,72.924986,11.7,348.9
419005678,MV NIGHT PASSAGE,Tanker,PA,MUMBAI,26/08/2026 10:42:34,18.682776,72.914691,11.5,352.8
419005678,MV NIGHT PASSAGE,Tanker,PA,MUMBAI,26/08/2026 11:02:34,18.745872,72.904392,11.1,352.7
419005678,MV NIGHT PASSAGE,Tanker,PA,MUMBAI,26/08/2026 11:22:34,18.808968,72.894089,11.4,348.1
419005678,MV NIGHT PASSAGE,Tanker,PA,MUMBAI,26/08/2026 11:42:34,18.872064,72.883783,11.5,349.8
419005678,MV NIGHT PASSAGE,Tanker,PA,MUMBAI,26/08/2026 12:02:34,18.944,72.842,11.6,349.5
419001234,MV MERIDIAN STAR,Cargo,IN,NHAVA SHEVA,23/08/2026 05:42:34,7.22651,79.608921,13.3,289.8
419001234,MV MERIDIAN STAR,Cargo,IN,NHAVA SHEVA,23/08/2026 06:02:34,7.252277,79.540962,13.1,290.0
419001234,MV MERIDIAN STAR,Cargo,IN,NHAVA SHEVA,23/08/2026 06:22:34,7.278044,79.472999,12.9,292.7
419001234,MV MERIDIAN STAR,Cargo,IN,NHAVA SHEVA,23/08/2026 06:42:34,7.303811,79.405032,13.1,290.3
419001234,MV MERIDIAN STAR,Cargo,IN,NHAVA SHEVA,23/08/2026 07:02:34,7.329578,79.337062,12.6,292.7
419001234,MV MERIDIAN STAR,Cargo,IN,NHAVA SHEVA,23/08/2026 07:22:34,7.355346,79.269087,13.2,290.4
419001234,MV MERIDIAN STAR,Cargo,IN,NHAVA SHEVA,23/08/2026 07:42:34,7.381113,79.201109,13.1,289.4
419001234,MV MERIDIAN STAR,Cargo,IN,NHAVA SHEVA,23/08/2026 08:02:34,7.40688,79.133126,12.7,289.7
419001234,MV MERIDIAN STAR,Cargo,IN,NHAVA SHEVA,23/08/2026 08:22:34,7.432647,79.06514,13.1,291.4
419001234,MV MERIDIAN STAR,Cargo,IN,NHAVA SHEVA,23/08/2026 08:42:34,7.458414,78.99715,12.8,292.0
419001234,MV MERIDIAN STAR,Cargo,IN,NHAVA SHEVA,23/08/2026 09:02:34,7.48418,78.929155,13.2,291.2
419001234,MV MERIDIAN STAR,Cargo,IN,NHAVA SHEVA,23/08/2026 09:22:34,7.509947,78.861157,13.3,290.5
419001234,MV MERIDIAN STAR,Cargo,IN,NHAVA SHEVA,23/08/2026 09:42:34,7.535714,78.793154,13.0,291.6
419001234,MV MERIDIAN STAR,Cargo,IN,NHAVA SHEVA,23/08/2026 10:02:34,7.561481,78.725148,13.0,292.1
419001234,MV MERIDIAN STAR,Cargo,IN,NHAVA SHEVA,23/08/2026 10:22:34,7.587248,78.657137,12.6,293.1
419001234,MV MERIDIAN STAR,Cargo,IN,NHAVA SHEVA,23/08/2026 10:42:34,7.613015,78.589123,12.8,290.7
419001234,MV MERIDIAN STAR,Cargo,IN,NHAVA SHEVA,23/08/2026 11:02:34,7.638782,78.521104,12.6,291.8
419001234,MV MERIDIAN STAR,Cargo,IN,NHAVA SHEVA,23/08/2026 11:22:34,7.664549,78.453081,13.4,292.5
419001234,MV MERIDIAN STAR,Cargo,IN,NHAVA SHEVA,23/08/2026 11:42:34,7.690315,78.385054,13.3,288.6
419001234,MV MERIDIAN STAR,Cargo,IN,NHAVA SHEVA,23/08/2026 12:02:34,7.716082,78.317023,12.8,290.2
419001234,MV MERIDIAN STAR,Cargo,IN,NHAVA SHEVA,23/08/2026 12:22:34,7.741849,78.248987,12.7,292.6
419001234,MV MERIDIAN STAR,Cargo,IN,NHAVA SHEVA,23/08/2026 12:42:34,7.767616,78.180948,13.1,290.9
419001234,MV MERIDIAN STAR,Cargo,IN,NHAVA SHEVA,23/08/2026 13:02:34,7.793383,78.112904,13.1,289.5
419001234,MV MERIDIAN STAR,Cargo,IN,NHAVA SHEVA,23/08/2026 13:22:34,7.819149,78.044857,12.7,289.6
419001234,MV MERIDIAN STAR,Cargo,IN,NHAVA SHEVA,23/08/2026 13:42:34,7.844916,77.976804,13.1,291.4
419001234,MV MERIDIAN STAR,Cargo,IN,NHAVA SHEVA,23/08/2026 14:02:34,7.870683,77.908748,13.2,292.5
419001234,MV MERIDIAN STAR,Cargo,IN,NHAVA SHEVA,23/08/2026 14:22:34,7.896449,77.840688,12.6,290.1
419001234,MV MERIDIAN STAR,Cargo,IN,NHAVA SHEVA,23/08/2026 14:42:34,7.922216,77.772623,13.0,288.9
419001234,MV MERIDIAN STAR,Cargo,IN,NHAVA SHEVA,23/08/2026 15:02:34,7.947983,77.704554,12.8,292.4
419001234,MV MERIDIAN STAR,Cargo,IN,NHAVA SHEVA,23/08/2026 15:22:34,7.973749,77.636481,13.3,292.5
419001234,MV MERIDIAN STAR,Cargo,IN,NHAVA SHEVA,23/08/2026 15:42:34,7.999516,77.568403,13.0,290.6
419001234,MV MERIDIAN STAR,Cargo,IN,NHAVA SHEVA,23/08/2026 16:02:34,8.025282,77.500321,13.3,290.4
419001234,MV MERIDIAN STAR,Cargo,IN,NHAVA SHEVA,23/08/2026 16:22:34,8.051049,77.432235,13.1,292.9
419001234,MV MERIDIAN STAR,Cargo,IN,NHAVA SHEVA,23/08/2026 16:42:34,8.076815,77.364144,12.9,290.0
419001234,MV MERIDIAN STAR,Cargo,IN,NHAVA SHEVA,23/08/2026 17:02:34,8.102582,77.296049,13.0,291.8
419001234,MV MERIDIAN STAR,Cargo,IN,NHAVA SHEVA,23/08/2026 17:22:34,8.128349,77.22795,13.1,291.2
419001234,MV MERIDIAN STAR,Cargo,IN,NHAVA SHEVA,23/08/2026 17:42:34,8.154115,77.159846,13.2,288.5
419001234,MV MERIDIAN STAR,Cargo,IN,NHAVA SHEVA,23/08/2026 18:02:34,8.179881,77.091738,12.7,291.2
419001234,MV MERIDIAN STAR,Cargo,IN,NHAVA SHEVA,23/08/2026 18:22:34,8.205648,77.023626,12.7,288.9
419001234,MV MERIDIAN STAR,Cargo,IN,NHAVA SHEVA,23/08/2026 18:42:34,8.231414,76.955509,12.6,289.5
419001234,MV MERIDIAN STAR,Cargo,IN,NHAVA SHEVA,23/08/2026 19:02:34,8.257181,76.887388,12.9,289.4
419001234,MV MERIDIAN STAR,Cargo,IN,NHAVA SHEVA,23/08/2026 19:22:34,8.282947,76.819262,13.1,293.5
419001234,MV MERIDIAN STAR,Cargo,IN,NHAVA SHEVA,23/08/2026 19:42:34,8.308714,76.751131,13.0,292.8
419001234,MV MERIDIAN STAR,Cargo,IN,NHAVA SHEVA,23/08/2026 20:02:34,8.33448,76.682997,13.1,289.2
419001234,MV MERIDIAN STAR,Cargo,IN,NHAVA SHEVA,23/08/2026 20:22:34,8.360246,76.614857,12.9,289.4
419001234,MV MERIDIAN STAR,Cargo,IN,NHAVA SHEVA,23/08/2026 20:42:34,8.386013,76.546714,13.2,289.2
419001234,MV MERIDIAN STAR,Cargo,IN,NHAVA SHEVA,23/08/2026 21:02:34,8.411779,76.478565,13.4,291.8
419001234,MV MERIDIAN STAR,Cargo,IN,NHAVA SHEVA,23/08/2026 21:22:34,8.437545,76.410413,12.4,292.1
419001234,MV MERIDIAN STAR,Cargo,IN,NHAVA SHEVA,23/08/2026 21:42:34,8.463311,76.342255,13.5,289.7
419001234,MV MERIDIAN STAR,Cargo,IN,NHAVA SHEVA,23/08/2026 22:02:34,8.489078,76.274093,13.3,288.2
419001234,MV MERIDIAN STAR,Cargo,IN,NHAVA SHEVA,23/08/2026 22:22:34,8.514844,76.205927,13.1,288.4
419001234,MV MERIDIAN STAR,Cargo,IN,NHAVA SHEVA,23/08/2026 22:42:34,8.54061,76.137756,13.1,288.2
419001234,MV MERIDIAN STAR,Cargo,IN,NHAVA SHEVA,23/08/2026 23:02:34,8.566376,76.06958,12.2,291.5
419001234,MV MERIDIAN STAR,Cargo,IN,NHAVA SHEVA,23/08/2026 23:22:34,8.592142,76.0014,13.7,290.0
419001234,MV MERIDIAN STAR,Cargo,IN,NHAVA SHEVA,23/08/2026 23:42:34,8.617909,75.933215,13.2,291.1
419001234,MV MERIDIAN STAR,Cargo,IN,NHAVA SHEVA,24/08/2026 00:02:34,8.643675,75.865025,12.9,291.8
419001234,MV MERIDIAN STAR,Cargo,IN,NHAVA SHEVA,24/08/2026 00:22:34,8.669441,75.796831,13.5,289.1
419001234,MV MERIDIAN STAR,Cargo,IN,NHAVA SHEVA,24/08/2026 00:42:34,8.695207,75.728632,13.2,291.4
419001234,MV MERIDIAN STAR,Cargo,IN,NHAVA SHEVA,24/08/2026 01:02:34,8.720973,75.660428,12.6,293.3
419001234,MV MERIDIAN STAR,Cargo,IN,NHAVA SHEVA,24/08/2026 01:22:34,8.746739,75.59222,13.6,289.5
419001234,MV MERIDIAN STAR,Cargo,IN,NHAVA SHEVA,24/08/2026 01:42:34,8.772505,75.524006,13.5,291.0
419001234,MV MERIDIAN STAR,Cargo,IN,NHAVA SHEVA,24/08/2026 02:02:34,8.798271,75.455789,13.0,293.2
419001234,MV MERIDIAN STAR,Cargo,IN,NHAVA SHEVA,24/08/2026 02:22:34,8.824037,75.387566,13.1,291.4
419001234,MV MERIDIAN STAR,Cargo,IN,NHAVA SHEVA,24/08/2026 02:42:34,8.849803,75.319338,13.5,292.9
419001234,MV MERIDIAN STAR,Cargo,IN,NHAVA SHEVA,24/08/2026 03:02:34,8.875569,75.251106,13.3,288.8
419001234,MV MERIDIAN STAR,Cargo,IN,NHAVA SHEVA,24/08/2026 03:22:34,8.901335,75.182869,12.5,292.6
419001234,MV MERIDIAN STAR,Cargo,IN,NHAVA SHEVA,24/08/2026 03:42:34,8.927101,75.114628,12.7,291.1
419001234,MV MERIDIAN STAR,Cargo,IN,NHAVA SHEVA,24/08/2026 04:02:34,8.952867,75.046381,12.7,290.6
419001234,MV MERIDIAN STAR,Cargo,IN,NHAVA SHEVA,24/08/2026 04:22:34,8.978633,74.978129,12.6,293.4
419001234,MV MERIDIAN STAR,Cargo,IN,NHAVA SHEVA,24/08/2026 04:42:34,9.004399,74.909873,12.7,290.7
419001234,MV MERIDIAN STAR,Cargo,IN,NHAVA SHEVA,24/08/2026 05:02:34,9.030165,74.841612,12.9,292.7
419001234,MV MERIDIAN STAR,Cargo,IN,NHAVA SHEVA,24/08/2026 05:22:34,9.055931,74.773346,12.6,290.9
419001234,MV MERIDIAN STAR,Cargo,IN,NHAVA SHEVA,24/08/2026 05:42:34,9.081696,74.705075,12.9,291.7
419001234,MV MERIDIAN STAR,Cargo,IN,NHAVA SHEVA,24/08/2026 06:02:34,9.107462,74.636799,13.1,290.2
419001234,MV MERIDIAN STAR,Cargo,IN,NHAVA SHEVA,24/08/2026 06:22:34,9.133228,74.568518,13.1,290.4
419001234,MV MERIDIAN STAR,Cargo,IN,NHAVA SHEVA,24/08/2026 06:42:34,9.158994,74.500232,13.1,290.8
419001234,MV MERIDIAN STAR,Cargo,IN,NHAVA SHEVA,24/08/2026 07:02:34,9.155524,74.414286,12.8,350.5
419001234,MV MERIDIAN STAR,Cargo,IN,NHAVA SHEVA,24/08/2026 07:22:34,9.226716,74.402272,13.1,353.9
419001234,MV MERIDIAN STAR,Cargo,IN,NHAVA SHEVA,24/08/2026 07:42:34,9.297909,74.390257,12.9,351.0
419001234,MV MERIDIAN STAR,Cargo,IN,NHAVA SHEVA,24/08/2026 08:02:34,9.369101,74.378239,13.4,347.4
419001234,MV MERIDIAN STAR,Cargo,IN,NHAVA SHEVA,24/08/2026 08:22:34,9.440294,74.366218,12.5,348.8
419001234,MV MERIDIAN STAR,Cargo,IN,NHAVA SHEVA,24/08/2026 08:42:34,9.511486,74.354195,13.0,354.2
419001234,MV MERIDIAN STAR,Cargo,IN,NHAVA SHEVA,24/08/2026 09:02:34,9.582679,74.342169,13.1,352.4
419001234,MV MERIDIAN STAR,Cargo,IN,NHAVA SHEVA,24/08/2026 09:22:34,9.653871,74.330141,12.9,346.8
419001234,MV MERIDIAN STAR,Cargo,IN,NHAVA SHEVA,24/08/2026 09:42:34,9.725064,74.318111,12.3,352.1
419001234,MV MERIDIAN STAR,Cargo,IN,NHAVA SHEVA,24/08/2026 10:02:34,9.796256,74.306077,13.1,348.6
419001234,MV MERIDIAN STAR,Cargo,IN,NHAVA SHEVA,24/08/2026 10:22:34,9.867449,74.294041,13.3,348.2
419001234,MV MERIDIAN STAR,Cargo,IN,NHAVA SHEVA,24/08/2026 10:42:34,9.938641,74.282003,13.3,352.7
419001234,MV MERIDIAN STAR,Cargo,IN,NHAVA SHEVA,24/08/2026 11:02:34,10.009834,74.269962,12.8,348.9
419001234,MV MERIDIAN STAR,Cargo,IN,NHAVA SHEVA,24/08/2026 11:22:34,10.081026,74.257918,13.3,348.9
419001234,MV MERIDIAN STAR,Cargo,IN,NHAVA SHEVA,24/08/2026 11:42:34,10.152219,74.245872,13.3,348.8
419001234,MV MERIDIAN STAR,Cargo,IN,NHAVA SHEVA,24/08/2026 12:02:34,10.223411,74.233823,13.2,350.7
419001234,MV MERIDIAN STAR,Cargo,IN,NHAVA SHEVA,24/08/2026 12:22:34,10.294604,74.221771,12.9,349.2
419001234,MV MERIDIAN STAR,Cargo,IN,NHAVA SHEVA,24/08/2026 12:42:34,10.365796,74.209716,13.1,347.7
419001234,MV MERIDIAN STAR,Cargo,IN,NHAVA SHEVA,24/08/2026 13:02:34,10.436988,74.197659,12.9,349.9
419001234,MV MERIDIAN STAR,Cargo,IN,NHAVA SHEVA,24/08/2026 13:22:34,10.508181,74.185599,13.2,348.7
419001234,MV MERIDIAN STAR,Cargo,IN,NHAVA SHEVA,24/08/2026 13:42:34,10.579373,74.173536,13.5,350.1
419001234,MV MERIDIAN STAR,Cargo,IN,NHAVA SHEVA,24/08/2026 14:02:34,10.650566,74.16147,12.7,352.6
419001234,MV MERIDIAN STAR,Cargo,IN,NHAVA SHEVA,24/08/2026 14:22:34,10.721758,74.149402,13.5,350.3
419001234,MV MERIDIAN STAR,Cargo,IN,NHAVA SHEVA,24/08/2026 14:42:34,10.792951,74.137331,12.7,350.6
419001234,MV MERIDIAN STAR,Cargo,IN,NHAVA SHEVA,24/08/2026 15:02:34,10.864143,74.125256,12.8,350.1
419001234,MV MERIDIAN STAR,Cargo,IN,NHAVA SHEVA,24/08/2026 15:22:34,10.935336,74.113179,13.5,351.1
419001234,MV MERIDIAN STAR,Cargo,IN,NHAVA SHEVA,24/08/2026 15:42:34,11.006528,74.101099,13.0,351.1
419001234,MV MERIDIAN STAR,Cargo,IN,NHAVA SHEVA,24/08/2026 16:02:34,11.077721,74.089016,13.0,351.8
419001234,MV MERIDIAN STAR,Cargo,IN,NHAVA SHEVA,24/08/2026 16:22:34,11.148913,74.07693,13.3,350.0
419001234,MV MERIDIAN STAR,Cargo,IN,NHAVA SHEVA,24/08/2026 16:42:34,11.220106,74.064842,13.0,354.2
419001234,MV MERIDIAN STAR,Cargo,IN,NHAVA SHEVA,24/08/2026 17:02:34,11.291298,74.05275,13.1,350.3
419001234,MV MERIDIAN STAR,Cargo,IN,NHAVA SHEVA,24/08/2026 17:22:34,11.362491,74.040655,13.6,350.6
419001234,MV MERIDIAN STAR,Cargo,IN,NHAVA SHEVA,24/08/2026 17:42:34,11.433683,74.028557,12.7,351.6
419001234,MV MERIDIAN STAR,Cargo,IN,NHAVA SHEVA,24/08/2026 18:02:34,11.504875,74.016456,12.7,349.8
419001234,MV MERIDIAN STAR,Cargo,IN,NHAVA SHEVA,24/08/2026 18:22:34,11.576068,74.004352,13.1,350.4
419001234,MV MERIDIAN STAR,Cargo,IN,NHAVA SHEVA,24/08/2026 18:42:34,11.64726,73.992245,12.8,349.7
419001234,MV MERIDIAN STAR,Cargo,IN,NHAVA SHEVA,24/08/2026 19:02:34,11.718453,73.980135,12.8,352.3
419001234,MV MERIDIAN STAR,Cargo,IN,NHAVA SHEVA,24/08/2026 19:22:34,11.789645,73.968021,12.8,349.7
419001234,MV MERIDIAN STAR,Cargo,IN,NHAVA SHEVA,24/08/2026 19:42:34,11.860838,73.955905,13.6,349.7
419001234,MV MERIDIAN STAR,Cargo,IN,NHAVA SHEVA,24/08/2026 20:02:34,11.93203,73.943785,13.4,352.5
419001234,MV MERIDIAN STAR,Cargo,IN,NHAVA SHEVA,24/08/2026 20:22:34,12.003223,73.931662,13.0,348.4
419001234,MV MERIDIAN STAR,Cargo,IN,NHAVA SHEVA,24/08/2026 20:42:34,12.074415,73.919536,13.1,351.6
419001234,MV MERIDIAN STAR,Cargo,IN,NHAVA SHEVA,24/08/2026 21:02:34,12.145607,73.907407,13.3,350.7
419001234,MV MERIDIAN STAR,Cargo,IN,NHAVA SHEVA,24/08/2026 21:22:34,12.2168,73.895275,13.4,352.6
419001234,MV MERIDIAN STAR,Cargo,IN,NHAVA SHEVA,24/08/2026 21:42:34,12.287992,73.883139,12.7,352.7
419001234,MV MERIDIAN STAR,Cargo,IN,NHAVA SHEVA,24/08/2026 22:02:34,12.359185,73.871,13.1,349.7
419001234,MV MERIDIAN STAR,Cargo,IN,NHAVA SHEVA,24/08/2026 22:22:34,12.430377,73.858857,12.9,353.4
419001234,MV MERIDIAN STAR,Cargo,IN,NHAVA SHEVA,24/08/2026 22:42:34,12.50157,73.846711,13.3,347.9
419001234,MV MERIDIAN STAR,Cargo,IN,NHAVA SHEVA,24/08/2026 23:02:34,12.572762,73.834562,13.0,350.3
419001234,MV MERIDIAN STAR,Cargo,IN,NHAVA SHEVA,24/08/2026 23:22:34,12.643954,73.82241,12.9,349.8
419001234,MV MERIDIAN STAR,Cargo,IN,NHAVA SHEVA,24/08/2026 23:42:34,12.715147,73.810254,12.6,351.8
419001234,MV MERIDIAN STAR,Cargo,IN,NHAVA SHEVA,25/08/2026 00:02:34,12.786339,73.798094,12.7,350.0
419001234,MV MERIDIAN STAR,Cargo,IN,NHAVA SHEVA,25/08/2026 00:22:34,12.857532,73.785932,12.8,349.5
419001234,MV MERIDIAN STAR,Cargo,IN,NHAVA SHEVA,25/08/2026 00:42:34,12.928724,73.773765,13.2,351.1
419001234,MV MERIDIAN STAR,Cargo,IN,NHAVA SHEVA,25/08/2026 01:02:34,12.999916,73.761596,12.8,349.1
419001234,MV MERIDIAN STAR,Cargo,IN,NHAVA SHEVA,25/08/2026 01:22:34,13.071109,73.749423,12.9,352.0
419001234,MV MERIDIAN STAR,Cargo,IN,NHAVA SHEVA,25/08/2026 01:42:34,13.142301,73.737246,13.0,350.9
419001234,MV MERIDIAN STAR,Cargo,IN,NHAVA SHEVA,25/08/2026 02:02:34,13.213494,73.725066,12.9,350.2
419001234,MV MERIDIAN STAR,Cargo,IN,NHAVA SHEVA,25/08/2026 02:22:34,13.284686,73.712882,13.1,347.8
419001234,MV MERIDIAN STAR,Cargo,IN,NHAVA SHEVA,25/08/2026 02:42:34,13.355879,73.700694,13.5,349.4
419001234,MV MERIDIAN STAR,Cargo,IN,NHAVA SHEVA,25/08/2026 03:02:34,13.427071,73.688503,12.8,352.6
419001234,MV MERIDIAN STAR,Cargo,IN,NHAVA SHEVA,25/08/2026 03:22:34,13.498263,73.676309,13.1,350.6
419001234,MV MERIDIAN STAR,Cargo,IN,NHAVA SHEVA,25/08/2026 03:42:34,13.569456,73.66411,12.8,348.2
419001234,MV MERIDIAN STAR,Cargo,IN,NHAVA SHEVA,25/08/2026 04:02:34,13.640648,73.651908,13.1,352.3
419001234,MV MERIDIAN STAR,Cargo,IN,NHAVA SHEVA,25/08/2026 04:22:34,13.711841,73.639703,12.7,352.6
419001234,MV MERIDIAN STAR,Cargo,IN,NHAVA SHEVA,25/08/2026 04:42:34,13.783033,73.627493,12.7,349.4
419001234,MV MERIDIAN STAR,Cargo,IN,NHAVA SHEVA,25/08/2026 05:02:34,13.854225,73.61528,13.2,350.5
419001234,MV MERIDIAN STAR,Cargo,IN,NHAVA SHEVA,25/08/2026 05:22:34,13.925418,73.603063,13.2,349.4
419001234,MV MERIDIAN STAR,Cargo,IN,NHAVA SHEVA,25/08/2026 05:42:34,13.99661,73.590843,12.7,347.7
419001234,MV MERIDIAN STAR,Cargo,IN,NHAVA SHEVA,25/08/2026 06:02:34,14.067803,73.578618,12.6,348.9
419001234,MV MERIDIAN STAR,Cargo,IN,NHAVA SHEVA,25/08/2026 06:22:34,14.138995,73.56639,12.6,351.0
419001234,MV MERIDIAN STAR,Cargo,IN,NHAVA SHEVA,25/08/2026 06:42:34,14.210187,73.554158,12.8,347.6
419001234,MV MERIDIAN STAR,Cargo,IN,NHAVA SHEVA,25/08/2026 07:02:34,14.28138,73.541922,13.7,349.3
419001234,MV MERIDIAN STAR,Cargo,IN,NHAVA SHEVA,25/08/2026 07:22:34,14.352572,73.529682,12.6,352.4
419001234,MV MERIDIAN STAR,Cargo,IN,NHAVA SHEVA,25/08/2026 07:42:34,14.423764,73.517438,13.3,348.8
419001234,MV MERIDIAN STAR,Cargo,IN,NHAVA SHEVA,25/08/2026 08:02:34,14.494957,73.505191,12.6,349.0
419001234,MV MERIDIAN STAR,Cargo,IN,NHAVA SHEVA,25/08/2026 08:22:34,14.566149,73.492939,13.3,350.1
419001234,MV MERIDIAN STAR,Cargo,IN,NHAVA SHEVA,25/08/2026 08:42:34,14.637342,73.480684,12.8,350.5
419001234,MV MERIDIAN STAR,Cargo,IN,NHAVA SHEVA,25/08/2026 09:02:34,14.708534,73.468424,13.4,348.5
419001234,MV MERIDIAN STAR,Cargo,IN,NHAVA SHEVA,25/08/2026 09:22:34,14.779726,73.456161,12.9,348.5
419001234,MV MERIDIAN STAR,Cargo,IN,NHAVA SHEVA,25/08/2026 09:42:34,14.850919,73.443893,13.7,353.3
419001234,MV MERIDIAN STAR,Cargo,IN,NHAVA SHEVA,25/08/2026 10:02:34,14.922111,73.431621,13.3,350.3
419001234,MV MERIDIAN STAR,Cargo,IN,NHAVA SHEVA,25/08/2026 10:22:34,14.993304,73.419346,13.2,347.4
419001234,MV MERIDIAN STAR,Cargo,IN,NHAVA SHEVA,25/08/2026 10:42:34,15.064496,73.407066,13.1,348.5
419001234,MV MERIDIAN STAR,Cargo,IN,NHAVA SHEVA,25/08/2026 11:02:34,15.135688,73.394782,12.6,349.5
419001234,MV MERIDIAN STAR,Cargo,IN,NHAVA SHEVA,25/08/2026 11:22:34,15.206881,73.382494,12.9,351.4
419001234,MV MERIDIAN STAR,Cargo,IN,NHAVA SHEVA,25/08/2026 11:42:34,15.278073,73.370202,13.2,350.9
419001234,MV MERIDIAN STAR,Cargo,IN,NHAVA SHEVA,25/08/2026 12:02:34,15.349265,73.357905,12.7,351.6
419001234,MV MERIDIAN STAR,Cargo,IN,NHAVA SHEVA,25/08/2026 12:22:34,15.420458,73.345605,13.0,352.3
419001234,MV MERIDIAN STAR,Cargo,IN,NHAVA SHEVA,25/08/2026 12:42:34,15.49165,73.3333,12.7,346.4
419001234,MV MERIDIAN STAR,Cargo,IN,NHAVA SHEVA,25/08/2026 13:02:34,15.562842,73.320991,12.9,353.8
419001234,MV MERIDIAN STAR,Cargo,IN,NHAVA SHEVA,25/08/2026 13:22:34,15.634035,73.308677,13.1,350.3
419001234,MV MERIDIAN STAR,Cargo,IN,NHAVA SHEVA,25/08/2026 13:42:34,15.705227,73.29636,13.3,351.3
419001234,MV MERIDIAN STAR,Cargo,IN,NHAVA SHEVA,25/08/2026 14:02:34,15.776419,73.284038,13.1,349.8
419001234,MV MERIDIAN STAR,Cargo,IN,NHAVA SHEVA,25/08/2026 14:22:34,15.847612,73.271711,13.0,350.8
419001234,MV MERIDIAN STAR,Cargo,IN,NHAVA SHEVA,25/08/2026 14:42:34,15.918804,73.259381,12.8,348.9
419001234,MV MERIDIAN STAR,Cargo,IN,NHAVA SHEVA,25/08/2026 15:02:34,15.989997,73.247046,13.0,352.0
419001234,MV MERIDIAN STAR,Cargo,IN,NHAVA SHEVA,25/08/2026 15:22:34,16.061189,73.234706,13.2,351.3
419001234,MV MERIDIAN STAR,Cargo,IN,NHAVA SHEVA,25/08/2026 15:42:34,16.132381,73.222362,13.2,354.4
419001234,MV MERIDIAN STAR,Cargo,IN,NHAVA SHEVA,25/08/2026 16:02:34,16.203574,73.210014,13.1,352.1
419001234,MV MERIDIAN STAR,Cargo,IN,NHAVA SHEVA,25/08/2026 16:22:34,16.274766,73.197661,13.6,350.6
419001234,MV MERIDIAN STAR,Cargo,IN,NHAVA SHEVA,25/08/2026 16:42:34,16.345958,73.185304,13.1,352.1
419001234,MV MERIDIAN STAR,Cargo,IN,NHAVA SHEVA,25/08/2026 17:02:34,16.417151,73.172942,13.5,351.0
419001234,MV MERIDIAN STAR,Cargo,IN,NHAVA SHEVA,25/08/2026 17:22:34,16.488343,73.160576,13.1,350.7
419001234,MV MERIDIAN STAR,Cargo,IN,NHAVA SHEVA,25/08/2026 17:42:34,16.559535,73.148205,12.6,352.2
419001234,MV MERIDIAN STAR,Cargo,IN,NHAVA SHEVA,25/08/2026 18:02:34,16.630728,73.135829,12.9,348.0
419001234,MV MERIDIAN STAR,Cargo,IN,NHAVA SHEVA,25/08/2026 18:22:34,16.70192,73.123449,13.0,348.0
419001234,MV MERIDIAN STAR,Cargo,IN,NHAVA SHEVA,25/08/2026 18:42:34,16.773112,73.111065,12.7,350.6
419001234,MV MERIDIAN STAR,Cargo,IN,NHAVA SHEVA,25/08/2026 19:02:34,16.844305,73.098675,12.7,352.2
419001234,MV MERIDIAN STAR,Cargo,IN,NHAVA SHEVA,25/08/2026 19:22:34,16.915497,73.086281,12.6,350.9
419001234,MV MERIDIAN STAR,Cargo,IN,NHAVA SHEVA,25/08/2026 19:42:34,16.986689,73.073883,13.2,352.7
419001234,MV MERIDIAN STAR,Cargo,IN,NHAVA SHEVA,25/08/2026 20:02:34,17.057882,73.061479,13.3,350.9
419001234,MV MERIDIAN STAR,Cargo,IN,NHAVA SHEVA,25/08/2026 20:22:34,17.129074,73.049071,13.0,350.5
419001234,MV MERIDIAN STAR,Cargo,IN,NHAVA SHEVA,25/08/2026 20:42:34,17.200266,73.036658,13.3,349.6
419001234,MV MERIDIAN STAR,Cargo,IN,NHAVA SHEVA,25/08/2026 21:02:34,17.271459,73.02424,13.2,350.4
419001234,MV MERIDIAN STAR,Cargo,IN,NHAVA SHEVA,25/08/2026 21:22:34,17.342651,73.011818,13.1,350.2
419001234,MV MERIDIAN STAR,Cargo,IN,NHAVA SHEVA,25/08/2026 21:42:34,17.413843,72.99939,13.6,349.6
419001234,MV MERIDIAN STAR,Cargo,IN,NHAVA SHEVA,25/08/2026 22:02:34,17.485035,72.986958,13.1,351.0
419001234,MV MERIDIAN STAR,Cargo,IN,NHAVA SHEVA,25/08/2026 22:22:34,17.556228,72.974521,13.2,351.2
419001234,MV MERIDIAN STAR,Cargo,IN,NHAVA SHEVA,25/08/2026 22:42:34,17.62742,72.962079,13.1,352.0
419001234,MV MERIDIAN STAR,Cargo,IN,NHAVA SHEVA,25/08/2026 23:02:34,17.698612,72.949632,12.6,350.6
419001234,MV MERIDIAN STAR,Cargo,IN,NHAVA SHEVA,25/08/2026 23:22:34,17.769805,72.93718,12.6,350.9
419001234,MV MERIDIAN STAR,Cargo,IN,NHAVA SHEVA,25/08/2026 23:42:34,17.840997,72.924723,12.6,349.1
419001234,MV MERIDIAN STAR,Cargo,IN,NHAVA SHEVA,26/08/2026 00:02:34,17.912189,72.912261,13.0,352.7
419001234,MV MERIDIAN STAR,Cargo,IN,NHAVA SHEVA,26/08/2026 00:22:34,17.983382,72.899795,13.2,351.0
419001234,MV MERIDIAN STAR,Cargo,IN,NHAVA SHEVA,26/08/2026 00:42:34,18.054574,72.887323,13.4,349.1
419001234,MV MERIDIAN STAR,Cargo,IN,NHAVA SHEVA,26/08/2026 01:02:34,18.125766,72.874846,12.4,349.9
419001234,MV MERIDIAN STAR,Cargo,IN,NHAVA SHEVA,26/08/2026 01:22:34,18.196958,72.862364,12.9,352.4
419001234,MV MERIDIAN STAR,Cargo,IN,NHAVA SHEVA,26/08/2026 01:42:34,18.268151,72.849877,13.6,348.6
419001234,MV MERIDIAN STAR,Cargo,IN,NHAVA SHEVA,26/08/2026 02:02:34,18.339343,72.837384,13.7,352.9
419001234,MV MERIDIAN STAR,Cargo,IN,NHAVA SHEVA,26/08/2026 02:22:34,18.410535,72.824887,13.3,351.1
419001234,MV MERIDIAN STAR,Cargo,IN,NHAVA SHEVA,26/08/2026 02:42:34,18.481728,72.812384,13.7,350.7
419001234,MV MERIDIAN STAR,Cargo,IN,NHAVA SHEVA,26/08/2026 03:02:34,18.55292,72.799876,12.9,350.8
419001234,MV MERIDIAN STAR,Cargo,IN,NHAVA SHEVA,26/08/2026 03:22:34,18.624112,72.787363,12.6,351.3
419001234,MV MERIDIAN STAR,Cargo,IN,NHAVA SHEVA,26/08/2026 03:42:34,18.690449,72.744587,13.0,351.1
419009012,MV COASTAL TRADER,Cargo,IN,MALE,23/08/2026 19:42:34,9.966,76.267,10.1,242.5
419009012,MV COASTAL TRADER,Cargo,IN,MALE,23/08/2026 20:02:34,9.94176,76.21629,10.4,242.6
419009012,MV COASTAL TRADER,Cargo,IN,MALE,23/08/2026 20:22:34,9.917521,76.165583,10.3,241.7
419009012,MV COASTAL TRADER,Cargo,IN,MALE,23/08/2026 20:42:34,9.893281,76.114881,10.1,242.9
419009012,MV COASTAL TRADER,Cargo,IN,MALE,23/08/2026 21:02:34,9.869042,76.064181,10.0,243.2
419009012,MV COASTAL TRADER,Cargo,IN,MALE,23/08/2026 21:22:34,9.844802,76.013486,9.3,242.5
419009012,MV COASTAL TRADER,Cargo,IN,MALE,23/08/2026 21:42:34,9.820563,75.962795,10.0,245.1
419009012,MV COASTAL TRADER,Cargo,IN,MALE,23/08/2026 22:02:34,9.796323,75.912107,9.6,241.0
419009012,MV COASTAL TRADER,Cargo,IN,MALE,23/08/2026 22:22:34,9.772083,75.861423,9.7,243.8
419009012,MV COASTAL TRADER,Cargo,IN,MALE,23/08/2026 22:42:34,9.747844,75.810742,9.8,242.9
419009012,MV COASTAL TRADER,Cargo,IN,MALE,23/08/2026 23:02:34,9.723604,75.760065,10.3,245.6
419009012,MV COASTAL TRADER,Cargo,IN,MALE,23/08/2026 23:22:34,9.699365,75.709392,10.2,242.7
419009012,MV COASTAL TRADER,Cargo,IN,MALE,23/08/2026 23:42:34,9.675125,75.658723,10.0,243.8
419009012,MV COASTAL TRADER,Cargo,IN,MALE,24/08/2026 00:02:34,9.650886,75.608057,9.6,245.5
419009012,MV COASTAL TRADER,Cargo,IN,MALE,24/08/2026 00:22:34,9.626646,75.557395,10.0,243.4
419009012,MV COASTAL TRADER,Cargo,IN,MALE,24/08/2026 00:42:34,9.602407,75.506736,10.4,245.3
419009012,MV COASTAL TRADER,Cargo,IN,MALE,24/08/2026 01:02:34,9.578167,75.456081,10.3,245.9
419009012,MV COASTAL TRADER,Cargo,IN,MALE,24/08/2026 01:22:34,9.553928,75.40543,10.2,242.2
419009012,MV COASTAL TRADER,Cargo,IN,MALE,24/08/2026 01:42:34,9.529689,75.354782,9.9,245.6
419009012,MV COASTAL TRADER,Cargo,IN,MALE,24/08/2026 02:02:34,9.505449,75.304138,9.8,244.2
419009012,MV COASTAL TRADER,Cargo,IN,MALE,24/08/2026 02:22:34,9.48121,75.253498,10.1,246.3
419009012,MV COASTAL TRADER,Cargo,IN,MALE,24/08/2026 02:42:34,9.45697,75.202861,10.4,245.5
419009012,MV COASTAL TRADER,Cargo,IN,MALE,24/08/2026 03:02:34,9.432731,75.152227,9.9,245.5
419009012,MV COASTAL TRADER,Cargo,IN,MALE,24/08/2026 03:22:34,9.408491,75.101597,10.2,243.9
419009012,MV COASTAL TRADER,Cargo,IN,MALE,24/08/2026 03:42:34,9.384252,75.050971,10.4,244.9
419009012,MV COASTAL TRADER,Cargo,IN,MALE,24/08/2026 04:02:34,9.360013,75.000348,9.8,246.0
419009012,MV COASTAL TRADER,Cargo,IN,MALE,24/08/2026 04:22:34,9.335773,74.949729,9.9,245.0
419009012,MV COASTAL TRADER,Cargo,IN,MALE,24/08/2026 04:42:34,9.311534,74.899113,9.5,244.1
419009012,MV COASTAL TRADER,Cargo,IN,MALE,24/08/2026 05:02:34,9.287295,74.848501,9.7,242.7
419009012,MV COASTAL TRADER,Cargo,IN,MALE,24/08/2026 05:22:34,9.263055,74.797892,9.4,247.3
419009012,MV COASTAL TRADER,Cargo,IN,MALE,24/08/2026 05:42:34,9.238816,74.747287,10.0,244.5
419009012,MV COASTAL TRADER,Cargo,IN,MALE,24/08/2026 06:02:34,9.214577,74.696685,10.3,243.9
419009012,MV COASTAL TRADER,Cargo,IN,MALE,24/08/2026 06:22:34,9.190337,74.646087,10.2,242.1
419009012,MV COASTAL TRADER,Cargo,IN,MALE,24/08/2026 06:42:34,9.166098,74.595492,10.1,243.5
419009012,MV COASTAL TRADER,Cargo,IN,MALE,24/08/2026 07:02:34,9.141859,74.544901,10.2,244.4
419009012,MV COASTAL TRADER,Cargo,IN,MALE,24/08/2026 07:22:34,9.117619,74.494313,9.6,241.4
419009012,MV COASTAL TRADER,Cargo,IN,MALE,24/08/2026 07:42:34,9.09338,74.443728,9.7,245.2
419009012,MV COASTAL TRADER,Cargo,IN,MALE,24/08/2026 08:02:34,9.069141,74.393147,10.1,244.7
419009012,MV COASTAL TRADER,Cargo,IN,MALE,24/08/2026 08:22:34,9.027891,74.320853,9.4,185.5
419009012,MV COASTAL TRADER,Cargo,IN,MALE,24/08/2026 08:42:34,8.973132,74.311591,9.8,189.0
419009012,MV COASTAL TRADER,Cargo,IN,MALE,24/08/2026 09:02:34,8.918373,74.30233,9.8,190.0
419009012,MV COASTAL TRADER,Cargo,IN,MALE,24/08/2026 09:22:34,8.863614,74.293071,10.0,187.7
419009012,MV COASTAL TRADER,Cargo,IN,MALE,24/08/2026 09:42:34,8.808855,74.283813,9.7,189.7
419009012,MV COASTAL TRADER,Cargo,IN,MALE,24/08/2026 10:02:34,8.754095,74.274556,10.0,189.4
419009012,MV COASTAL TRADER,Cargo,IN,MALE,24/08/2026 10:22:34,8.699336,74.265301,10.7,189.1
419009012,MV COASTAL TRADER,Cargo,IN,MALE,24/08/2026 10:42:34,8.644577,74.256047,10.0,188.0
419009012,MV COASTAL TRADER,Cargo,IN,MALE,24/08/2026 11:02:34,8.589818,74.246794,9.9,190.3
419009012,MV COASTAL TRADER,Cargo,IN,MALE,24/08/2026 11:22:34,8.535059,74.237543,10.2,189.3
419009012,MV COASTAL TRADER,Cargo,IN,MALE,24/08/2026 11:42:34,8.4803,74.228293,10.1,189.6
419009012,MV COASTAL TRADER,Cargo,IN,MALE,24/08/2026 12:02:34,8.42554,74.219044,9.4,184.6
419009012,MV COASTAL TRADER,Cargo,IN,MALE,24/08/2026 12:22:34,8.370781,74.209797,10.7,190.7
419009012,MV COASTAL TRADER,Cargo,IN,MALE,24/08/2026 12:42:34,8.316022,74.200551,10.0,186.9
419009012,MV COASTAL TRADER,Cargo,IN,MALE,24/08/2026 13:02:34,8.261263,74.191306,9.6,191.5
419009012,MV COASTAL TRADER,Cargo,IN,MALE,24/08/2026 13:22:34,8.206504,74.182063,9.2,189.0
419009012,MV COASTAL TRADER,Cargo,IN,MALE,24/08/2026 13:42:34,8.151745,74.172821,10.3,189.7
419009012,MV COASTAL TRADER,Cargo,IN,MALE,24/08/2026 14:02:34,8.096986,74.16358,10.2,189.3
419009012,MV COASTAL TRADER,Cargo,IN,MALE,24/08/2026 14:22:34,8.042226,74.15434,10.7,187.9
419009012,MV COASTAL TRADER,Cargo,IN,MALE,24/08/2026 14:42:34,7.987467,74.145102,9.6,189.9
419009012,MV COASTAL TRADER,Cargo,IN,MALE,24/08/2026 15:02:34,7.932708,74.135864,10.4,189.4
419009012,MV COASTAL TRADER,Cargo,IN,MALE,24/08/2026 15:22:34,7.877949,74.126629,10.3,188.7
419009012,MV COASTAL TRADER,Cargo,IN,MALE,24/08/2026 15:42:34,7.82319,74.117394,9.6,191.6
419009012,MV COASTAL TRADER,Cargo,IN,MALE,24/08/2026 16:02:34,7.768431,74.10816,10.5,191.8
419009012,MV COASTAL TRADER,Cargo,IN,MALE,24/08/2026 16:22:34,7.713672,74.098928,9.9,187.8
419009012,MV COASTAL TRADER,Cargo,IN,MALE,24/08/2026 16:42:34,7.658912,74.089697,9.6,189.1
419009012,MV COASTAL TRADER,Cargo,IN,MALE,24/08/2026 17:02:34,7.604153,74.080467,10.2,190.2
419009012,MV COASTAL TRADER,Cargo,IN,MALE,24/08/2026 17:22:34,7.549394,74.071238,9.6,189.8
419009012,MV COASTAL TRADER,Cargo,IN,MALE,24/08/2026 17:42:34,7.494635,74.06201,10.0,189.6
419009012,MV COASTAL TRADER,Cargo,IN,MALE,24/08/2026 18:02:34,7.439876,74.052784,10.0,189.2
419009012,MV COASTAL TRADER,Cargo,IN,MALE,24/08/2026 18:22:34,7.385117,74.043559,10.2,189.7
419009012,MV COASTAL TRADER,Cargo,IN,MALE,24/08/2026 18:42:34,7.330358,74.034334,10.1,188.4
419009012,MV COASTAL TRADER,Cargo,IN,MALE,24/08/2026 19:02:34,7.275598,74.025111,10.1,189.3
419009012,MV COASTAL TRADER,Cargo,IN,MALE,24/08/2026 19:22:34,7.220839,74.015889,9.4,190.2
419009012,MV COASTAL TRADER,Cargo,IN,MALE,24/08/2026 19:42:34,7.16608,74.006669,9.9,190.9
419009012,MV COASTAL TRADER,Cargo,IN,MALE,24/08/2026 20:02:34,7.111321,73.997449,10.0,189.3
419009012,MV COASTAL TRADER,Cargo,IN,MALE,24/08/2026 20:22:34,7.056562,73.98823,10.1,189.5
419009012,MV COASTAL TRADER,Cargo,IN,MALE,24/08/2026 20:42:34,7.001803,73.979013,9.9,186.8
419009012,MV COASTAL TRADER,Cargo,IN,MALE,24/08/2026 21:02:34,6.947044,73.969796,10.6,187.1
419009012,MV COASTAL TRADER,Cargo,IN,MALE,24/08/2026 21:22:34,6.892285,73.960581,9.9,190.5
419009012,MV COASTAL TRADER,Cargo,IN,MALE,24/08/2026 21:42:34,6.837525,73.951366,10.1,190.3
419009012,MV COASTAL TRADER,Cargo,IN,MALE,24/08/2026 22:02:34,6.782766,73.942153,10.2,191.4
419009012,MV COASTAL TRADER,Cargo,IN,MALE,24/08/2026 22:22:34,6.728007,73.932941,10.1,193.8
419009012,MV COASTAL TRADER,Cargo,IN,MALE,24/08/2026 22:42:34,6.673248,73.92373,9.7,189.8
419009012,MV COASTAL TRADER,Cargo,IN,MALE,24/08/2026 23:02:34,6.618489,73.91452,9.9,188.7
419009012,MV COASTAL TRADER,Cargo,IN,MALE,24/08/2026 23:22:34,6.56373,73.90531,10.1,191.7
419009012,MV COASTAL TRADER,Cargo,IN,MALE,24/08/2026 23:42:34,6.508971,73.896102,9.8,188.4
419009012,MV COASTAL TRADER,Cargo,IN,MALE,25/08/2026 00:02:34,6.454212,73.886895,10.2,190.3
419009012,MV COASTAL TRADER,Cargo,IN,MALE,25/08/2026 00:22:34,6.399452,73.877689,10.6,191.0
419009012,MV COASTAL TRADER,Cargo,IN,MALE,25/08/2026 00:42:34,6.344693,73.868484,10.1,189.0
419009012,MV COASTAL TRADER,Cargo,IN,MALE,25/08/2026 01:02:34,6.289934,73.85928,10.1,189.2
419009012,MV COASTAL TRADER,Cargo,IN,MALE,25/08/2026 01:22:34,6.235175,73.850076,9.6,189.5
419009012,MV COASTAL TRADER,Cargo,IN,MALE,25/08/2026 01:42:34,6.180416,73.840874,9.9,189.1
419009012,MV COASTAL TRADER,Cargo,IN,MALE,25/08/2026 02:02:34,6.125657,73.831673,9.9,192.0
419009012,MV COASTAL TRADER,Cargo,IN,MALE,25/08/2026 02:22:34,6.070898,73.822472,10.2,190.9
419009012,MV COASTAL TRADER,Cargo,IN,MALE,25/08/2026 02:42:34,6.016139,73.813273,9.8,188.0
419009012,MV COASTAL TRADER,Cargo,IN,MALE,25/08/2026 03:02:34,5.961379,73.804074,9.9,189.9
419009012,MV COASTAL TRADER,Cargo,IN,MALE,25/08/2026 03:22:34,5.90662,73.794877,9.9,189.2
419009012,MV COASTAL TRADER,Cargo,IN,MALE,25/08/2026 03:42:34,5.851861,73.78568,10.3,189.9
419009012,MV COASTAL TRADER,Cargo,IN,MALE,25/08/2026 04:02:34,5.797102,73.776484,9.7,188.8
419009012,MV COASTAL TRADER,Cargo,IN,MALE,25/08/2026 04:22:34,5.742343,73.767289,9.8,189.8
419009012,MV COASTAL TRADER,Cargo,IN,MALE,25/08/2026 04:42:34,5.687584,73.758095,9.6,189.2
419009012,MV COASTAL TRADER,Cargo,IN,MALE,25/08/2026 05:02:34,5.632825,73.748902,10.2,189.5
419009012,MV COASTAL TRADER,Cargo,IN,MALE,25/08/2026 05:22:34,5.578066,73.73971,9.7,188.6
419009012,MV COASTAL TRADER,Cargo,IN,MALE,25/08/2026 05:42:34,5.523306,73.730518,10.0,190.2
419009012,MV COASTAL TRADER,Cargo,IN,MALE,25/08/2026 06:02:34,5.468547,73.721327,10.3,189.3
419009012,MV COASTAL TRADER,Cargo,IN,MALE,25/08/2026 06:22:34,5.413788,73.712138,9.6,191.6
419009012,MV COASTAL TRADER,Cargo,IN,MALE,25/08/2026 06:42:34,5.359029,73.702949,10.1,190.1
419009012,MV COASTAL TRADER,Cargo,IN,MALE,25/08/2026 07:02:34,5.30427,73.693761,10.1,187.9
419009012,MV COASTAL TRADER,Cargo,IN,MALE,25/08/2026 07:22:34,5.249511,73.684573,9.9,189.9
419009012,MV COASTAL TRADER,Cargo,IN,MALE,25/08/2026 07:42:34,5.194752,73.675387,10.3,189.6
419009012,MV COASTAL TRADER,Cargo,IN,MALE,25/08/2026 08:02:34,5.139993,73.666201,9.1,189.1
419009012,MV COASTAL TRADER,Cargo,IN,MALE,25/08/2026 08:22:34,5.085234,73.657016,10.1,191.4
419009012,MV COASTAL TRADER,Cargo,IN,MALE,25/08/2026 08:42:34,5.030475,73.647832,10.2,193.2
419009012,MV COASTAL TRADER,Cargo,IN,MALE,25/08/2026 09:02:34,4.975715,73.638648,10.4,191.5
419009012,MV COASTAL TRADER,Cargo,IN,MALE,25/08/2026 09:22:34,4.920956,73.629466,10.3,187.4
419009012,MV COASTAL TRADER,Cargo,IN,MALE,25/08/2026 09:42:34,4.866197,73.620284,10.3,190.4
419009012,MV COASTAL TRADER,Cargo,IN,MALE,25/08/2026 10:02:34,4.811438,73.611103,9.8,190.4
419009012,MV COASTAL TRADER,Cargo,IN,MALE,25/08/2026 10:22:34,4.756679,73.601922,10.1,188.8
419009012,MV COASTAL TRADER,Cargo,IN,MALE,25/08/2026 10:42:34,4.70192,73.592743,10.0,189.1
419009012,MV COASTAL TRADER,Cargo,IN,MALE,25/08/2026 11:02:34,4.647161,73.583564,10.1,188.8
419009012,MV COASTAL TRADER,Cargo,IN,MALE,25/08/2026 11:22:34,4.592402,73.574385,10.2,186.6
419009012,MV COASTAL TRADER,Cargo,IN,MALE,25/08/2026 11:42:34,4.537643,73.565208,9.9,187.0
419009012,MV COASTAL TRADER,Cargo,IN,MALE,25/08/2026 12:02:34,4.482883,73.556031,9.9,190.3
419009012,MV COASTAL TRADER,Cargo,IN,MALE,25/08/2026 12:22:34,4.428124,73.546855,10.0,189.3
419009012,MV COASTAL TRADER,Cargo,IN,MALE,25/08/2026 12:42:34,4.373365,73.537679,10.0,191.8
419009012,MV COASTAL TRADER,Cargo,IN,MALE,25/08/2026 13:02:34,4.318606,73.528504,9.7,190.8
419009012,MV COASTAL TRADER,Cargo,IN,MALE,25/08/2026 13:22:34,4.263847,73.51933,9.5,188.8
419009012,MV COASTAL TRADER,Cargo,IN,MALE,25/08/2026 13:42:34,4.175,73.509,10.0,188.2
419003456,MV DISTANT HORIZON,Fishing,LK,SALALAH,20/08/2026 08:02:34,12.922,74.802,9.1,285.0
419003456,MV DISTANT HORIZON,Fishing,LK,SALALAH,20/08/2026 08:22:34,12.933992,74.752233,8.6,283.8
419003456,MV DISTANT HORIZON,Fishing,LK,SALALAH,20/08/2026 08:42:34,12.945984,74.702463,8.9,281.0
419003456,MV DISTANT HORIZON,Fishing,LK,SALALAH,20/08/2026 09:02:34,12.957977,74.652691,8.9,282.7
419003456,MV DISTANT HORIZON,Fishing,LK,SALALAH,20/08/2026 09:22:34,12.969969,74.602916,9.4,282.6
419003456,MV DISTANT HORIZON,Fishing,LK,SALALAH,20/08/2026 09:42:34,12.981961,74.55314,9.5,283.1
419003456,MV DISTANT HORIZON,Fishing,LK,SALALAH,20/08/2026 10:02:34,12.993953,74.50336,9.6,284.7
419003456,MV DISTANT HORIZON,Fishing,LK,SALALAH,20/08/2026 10:22:34,13.005945,74.453579,9.1,285.1
419003456,MV DISTANT HORIZON,Fishing,LK,SALALAH,20/08/2026 10:42:34,13.017938,74.403794,9.3,286.0
419003456,MV DISTANT HORIZON,Fishing,LK,SALALAH,20/08/2026 11:02:34,13.02993,74.354008,9.5,283.4
419003456,MV DISTANT HORIZON,Fishing,LK,SALALAH,20/08/2026 11:22:34,13.041922,74.304219,8.6,279.9
419003456,MV DISTANT HORIZON,Fishing,LK,SALALAH,20/08/2026 11:42:34,13.053914,74.254428,8.9,285.0
419003456,MV DISTANT HORIZON,Fishing,LK,SALALAH,20/08/2026 12:02:34,13.065906,74.204634,9.1,284.1
419003456,MV DISTANT HORIZON,Fishing,LK,SALALAH,20/08/2026 12:22:34,13.077898,74.154838,8.9,282.9
419003456,MV DISTANT HORIZON,Fishing,LK,SALALAH,20/08/2026 12:42:34,13.089891,74.105039,8.9,284.5
419003456,MV DISTANT HORIZON,Fishing,LK,SALALAH,20/08/2026 13:02:34,13.101883,74.055238,8.5,285.0
419003456,MV DISTANT HORIZON,Fishing,LK,SALALAH,20/08/2026 13:22:34,13.113875,74.005435,8.6,283.7
419003456,MV DISTANT HORIZON,Fishing,LK,SALALAH,20/08/2026 13:42:34,13.125867,73.955629,8.8,283.3
419003456,MV DISTANT HORIZON,Fishing,LK,SALALAH,20/08/2026 14:02:34,13.137859,73.905821,8.7,282.2
419003456,MV DISTANT HORIZON,Fishing,LK,SALALAH,20/08/2026 14:22:34,13.149851,73.85601,8.9,282.3
419003456,MV DISTANT HORIZON,Fishing,LK,SALALAH,20/08/2026 14:42:34,13.161843,73.806197,9.7,283.3
419003456,MV DISTANT HORIZON,Fishing,LK,SALALAH,20/08/2026 15:02:34,13.173835,73.756381,8.8,283.1
419003456,MV DISTANT HORIZON,Fishing,LK,SALALAH,20/08/2026 15:22:34,13.185828,73.706563,8.7,280.2
419003456,MV DISTANT HORIZON,Fishing,LK,SALALAH,20/08/2026 15:42:34,13.19782,73.656742,8.9,284.3
419003456,MV DISTANT HORIZON,Fishing,LK,SALALAH,20/08/2026 16:02:34,13.209812,73.606919,8.5,283.9
419003456,MV DISTANT HORIZON,Fishing,LK,SALALAH,20/08/2026 16:22:34,13.221804,73.557094,8.6,283.8
419003456,MV DISTANT HORIZON,Fishing,LK,SALALAH,20/08/2026 16:42:34,13.233796,73.507266,9.1,284.6
419003456,MV DISTANT HORIZON,Fishing,LK,SALALAH,20/08/2026 17:02:34,13.245788,73.457436,9.1,282.8
419003456,MV DISTANT HORIZON,Fishing,LK,SALALAH,20/08/2026 17:22:34,13.25778,73.407603,9.3,283.2
419003456,MV DISTANT HORIZON,Fishing,LK,SALALAH,20/08/2026 17:42:34,13.269772,73.357768,9.1,284.9
419003456,MV DISTANT HORIZON,Fishing,LK,SALALAH,20/08/2026 18:02:34,13.281764,73.30793,8.9,282.0
419003456,MV DISTANT HORIZON,Fishing,LK,SALALAH,20/08/2026 18:22:34,13.293756,73.25809,9.2,282.2
419003456,MV DISTANT HORIZON,Fishing,LK,SALALAH,20/08/2026 18:42:34,13.305748,73.208247,8.7,282.2
419003456,MV DISTANT HORIZON,Fishing,LK,SALALAH,20/08/2026 19:02:34,13.31774,73.158402,9.3,283.6
419003456,MV DISTANT HORIZON,Fishing,LK,SALALAH,20/08/2026 19:22:34,13.329733,73.108555,8.3,285.0
419003456,MV DISTANT HORIZON,Fishing,LK,SALALAH,20/08/2026 19:42:34,13.341725,73.058705,9.6,286.6
419003456,MV DISTANT HORIZON,Fishing,LK,SALALAH,20/08/2026 20:02:34,13.353717,73.008852,8.8,284.0
419003456,MV DISTANT HORIZON,Fishing,LK,SALALAH,20/08/2026 20:22:34,13.365709,72.958997,9.1,285.2
419003456,MV DISTANT HORIZON,Fishing,LK,SALALAH,20/08/2026 20:42:34,13.377701,72.90914,9.0,282.2
419003456,MV DISTANT HORIZON,Fishing,LK,SALALAH,20/08/2026 21:02:34,13.389693,72.85928,9.2,284.8
419003456,MV DISTANT HORIZON,Fishing,LK,SALALAH,20/08/2026 21:22:34,13.401685,72.809417,8.6,283.3
419003456,MV DISTANT HORIZON,Fishing,LK,SALALAH,20/08/2026 21:42:34,13.413677,72.759553,9.1,283.9
419003456,MV DISTANT HORIZON,Fishing,LK,SALALAH,20/08/2026 22:02:34,13.425669,72.709685,9.2,285.1
419003456,MV DISTANT HORIZON,Fishing,LK,SALALAH,20/08/2026 22:22:34,13.437661,72.659815,9.2,283.7
419003456,MV DISTANT HORIZON,Fishing,LK,SALALAH,20/08/2026 22:42:34,13.449653,72.609943,8.6,284.8
419003456,MV DISTANT HORIZON,Fishing,LK,SALALAH,20/08/2026 23:02:34,13.461645,72.560068,9.4,286.8
419003456,MV DISTANT HORIZON,Fishing,LK,SALALAH,20/08/2026 23:22:34,13.473637,72.510191,9.0,283.8
419003456,MV DISTANT HORIZON,Fishing,LK,SALALAH,20/08/2026 23:42:34,13.485629,72.460311,9.4,286.0
419003456,MV DISTANT HORIZON,Fishing,LK,SALALAH,21/08/2026 00:02:34,13.497621,72.410428,9.1,284.9
419003456,MV DISTANT HORIZON,Fishing,LK,SALALAH,21/08/2026 00:22:34,13.509613,72.360543,8.8,284.7
419003456,MV DISTANT HORIZON,Fishing,LK,SALALAH,21/08/2026 00:42:34,13.521605,72.310656,8.7,283.7
419003456,MV DISTANT HORIZON,Fishing,LK,SALALAH,21/08/2026 01:02:34,13.533597,72.260766,9.0,283.2
419003456,MV DISTANT HORIZON,Fishing,LK,SALALAH,21/08/2026 01:22:34,13.545589,72.210874,8.4,282.6
419003456,MV DISTANT HORIZON,Fishing,LK,SALALAH,21/08/2026 01:42:34,13.557581,72.160979,9.1,283.8
419003456,MV DISTANT HORIZON,Fishing,LK,SALALAH,21/08/2026 02:02:34,13.569573,72.111081,8.9,284.5
419003456,MV DISTANT HORIZON,Fishing,LK,SALALAH,21/08/2026 02:22:34,13.581565,72.061181,9.2,285.1
419003456,MV DISTANT HORIZON,Fishing,LK,SALALAH,21/08/2026 02:42:34,13.593557,72.011279,8.8,283.9
419003456,MV DISTANT HORIZON,Fishing,LK,SALALAH,21/08/2026 03:02:34,13.605549,71.961374,8.9,282.6
419003456,MV DISTANT HORIZON,Fishing,LK,SALALAH,21/08/2026 03:22:34,13.617541,71.911466,8.5,283.7
419003456,MV DISTANT HORIZON,Fishing,LK,SALALAH,21/08/2026 03:42:34,13.629533,71.861556,8.7,287.1
419003456,MV DISTANT HORIZON,Fishing,LK,SALALAH,21/08/2026 04:02:34,13.641524,71.811643,9.0,283.5
419003456,MV DISTANT HORIZON,Fishing,LK,SALALAH,21/08/2026 04:22:34,13.653516,71.761728,8.9,286.7
419003456,MV DISTANT HORIZON,Fishing,LK,SALALAH,21/08/2026 04:42:34,13.665508,71.71181,8.7,283.6
419003456,MV DISTANT HORIZON,Fishing,LK,SALALAH,21/08/2026 05:02:34,13.6775,71.66189,8.8,283.7
419003456,MV DISTANT HORIZON,Fishing,LK,SALALAH,21/08/2026 05:22:34,13.689492,71.611967,9.0,285.5
419003456,MV DISTANT HORIZON,Fishing,LK,SALALAH,21/08/2026 05:42:34,13.701484,71.562042,8.6,283.8
419003456,MV DISTANT HORIZON,Fishing,LK,SALALAH,21/08/2026 06:02:34,13.713476,71.512114,9.5,283.1
419003456,MV DISTANT HORIZON,Fishing,LK,SALALAH,21/08/2026 06:22:34,13.725468,71.462184,8.9,282.5
419003456,MV DISTANT HORIZON,Fishing,LK,SALALAH,21/08/2026 06:42:34,13.73746,71.41225,8.2,283.7
419003456,MV DISTANT HORIZON,Fishing,LK,SALALAH,21/08/2026 07:02:34,13.749452,71.362315,9.3,283.2
419003456,MV DISTANT HORIZON,Fishing,LK,SALALAH,21/08/2026 07:22:34,13.761444,71.312377,8.4,284.3
419003456,MV DISTANT HORIZON,Fishing,LK,SALALAH,21/08/2026 07:42:34,13.773436,71.262436,9.0,285.4
419003456,MV DISTANT HORIZON,Fishing,LK,SALALAH,21/08/2026 08:02:34,13.785427,71.212493,9.3,283.5
419003456,MV DISTANT HORIZON,Fishing,LK,SALALAH,21/08/2026 08:22:34,13.797419,71.162547,9.1,281.2
419003456,MV DISTANT HORIZON,Fishing,LK,SALALAH,21/08/2026 08:42:34,13.809411,71.112599,9.3,284.1
419003456,MV DISTANT HORIZON,Fishing,LK,SALALAH,21/08/2026 09:02:34,13.821403,71.062648,9.3,285.5
419003456,MV DISTANT HORIZON,Fishing,LK,SALALAH,21/08/2026 09:22:34,13.833395,71.012694,8.9,283.6
419003456,MV DISTANT HORIZON,Fishing,LK,SALALAH,21/08/2026 09:42:34,13.845387,70.962738,8.7,280.8
419003456,MV DISTANT HORIZON,Fishing,LK,SALALAH,21/08/2026 10:02:34,13.857379,70.912779,9.0,284.1
419003456,MV DISTANT HORIZON,Fishing,LK,SALALAH,21/08/2026 10:22:34,13.86937,70.862818,8.7,284.9
419003456,MV DISTANT HORIZON,Fishing,LK,SALALAH,21/08/2026 10:42:34,13.881362,70.812854,9.0,284.5
419003456,MV DISTANT HORIZON,Fishing,LK,SALALAH,21/08/2026 11:02:34,13.893354,70.762888,8.8,281.2
419003456,MV DISTANT HORIZON,Fishing,LK,SALALAH,21/08/2026 11:22:34,13.905346,70.712919,9.2,284.8
419003456,MV DISTANT HORIZON,Fishing,LK,SALALAH,21/08/2026 11:42:34,13.917338,70.662947,9.0,283.2
419003456,MV DISTANT HORIZON,Fishing,LK,SALALAH,21/08/2026 12:02:34,13.92933,70.612973,8.9,283.7
419003456,MV DISTANT HORIZON,Fishing,LK,SALALAH,21/08/2026 12:22:34,13.941321,70.562996,8.8,280.9
419003456,MV DISTANT HORIZON,Fishing,LK,SALALAH,21/08/2026 12:42:34,13.953313,70.513017,9.2,281.6
419003456,MV DISTANT HORIZON,Fishing,LK,SALALAH,21/08/2026 13:02:34,13.965305,70.463035,8.9,283.4
419003456,MV DISTANT HORIZON,Fishing,LK,SALALAH,21/08/2026 13:22:34,13.977297,70.41305,9.1,281.4
419003456,MV DISTANT HORIZON,Fishing,LK,SALALAH,21/08/2026 13:42:34,13.989289,70.363063,9.4,284.9
419003456,MV DISTANT HORIZON,Fishing,LK,SALALAH,21/08/2026 14:02:34,14.001281,70.313073,9.2,285.8
419003456,MV DISTANT HORIZON,Fishing,LK,SALALAH,21/08/2026 14:22:34,14.013272,70.263081,8.8,279.2
419003456,MV DISTANT HORIZON,Fishing,LK,SALALAH,21/08/2026 14:42:34,14.025264,70.213086,9.1,285.8
419003456,MV DISTANT HORIZON,Fishing,LK,SALALAH,21/08/2026 15:02:34,14.037256,70.163088,9.3,283.1
419003456,MV DISTANT HORIZON,Fishing,LK,SALALAH,21/08/2026 15:22:34,14.049248,70.113088,9.0,284.3
419003456,MV DISTANT HORIZON,Fishing,LK,SALALAH,21/08/2026 15:42:34,14.061239,70.063085,8.5,282.9
419003456,MV DISTANT HORIZON,Fishing,LK,SALALAH,21/08/2026 16:02:34,14.073231,70.01308,8.8,286.3
419003456,MV DISTANT HORIZON,Fishing,LK,SALALAH,21/08/2026 16:22:34,14.085223,69.963071,8.8,286.2
419003456,MV DISTANT HORIZON,Fishing,LK,SALALAH,21/08/2026 16:42:34,14.097215,69.913061,9.0,281.4
419003456,MV DISTANT HORIZON,Fishing,LK,SALALAH,21/08/2026 17:02:34,14.109207,69.863047,9.7,282.4
419003456,MV DISTANT HORIZON,Fishing,LK,SALALAH,21/08/2026 17:22:34,14.121198,69.813031,9.2,286.5
419003456,MV DISTANT HORIZON,Fishing,LK,SALALAH,21/08/2026 17:42:34,14.13319,69.763013,8.8,282.0
419003456,MV DISTANT HORIZON,Fishing,LK,SALALAH,21/08/2026 18:02:34,14.145182,69.712991,9.3,284.0
419003456,MV DISTANT HORIZON,Fishing,LK,SALALAH,21/08/2026 18:22:34,14.157174,69.662967,8.6,282.3
419003456,MV DISTANT HORIZON,Fishing,LK,SALALAH,21/08/2026 18:42:34,14.169165,69.612941,8.9,285.3
419003456,MV DISTANT HORIZON,Fishing,LK,SALALAH,21/08/2026 19:02:34,14.181157,69.562912,8.9,284.9
419003456,MV DISTANT HORIZON,Fishing,LK,SALALAH,21/08/2026 19:22:34,14.193149,69.51288,9.5,285.8
419003456,MV DISTANT HORIZON,Fishing,LK,SALALAH,21/08/2026 19:42:34,14.205141,69.462845,9.4,285.7
419003456,MV DISTANT HORIZON,Fishing,LK,SALALAH,21/08/2026 20:02:34,14.217132,69.412808,8.5,285.7
419003456,MV DISTANT HORIZON,Fishing,LK,SALALAH,21/08/2026 20:22:34,14.229124,69.362768,9.1,283.7
419003456,MV DISTANT HORIZON,Fishing,LK,SALALAH,21/08/2026 20:42:34,14.241116,69.312726,8.7,281.5
419003456,MV DISTANT HORIZON,Fishing,LK,SALALAH,21/08/2026 21:02:34,14.253107,69.262681,8.7,283.9
419003456,MV DISTANT HORIZON,Fishing,LK,SALALAH,21/08/2026 21:22:34,14.265099,69.212633,8.6,282.7
419003456,MV DISTANT HORIZON,Fishing,LK,SALALAH,21/08/2026 21:42:34,14.277091,69.162582,8.8,284.9
419003456,MV DISTANT HORIZON,Fishing,LK,SALALAH,21/08/2026 22:02:34,14.289082,69.112529,8.9,283.7
419003456,MV DISTANT HORIZON,Fishing,LK,SALALAH,21/08/2026 22:22:34,14.301074,69.062473,9.4,283.4
419003456,MV DISTANT HORIZON,Fishing,LK,SALALAH,21/08/2026 22:42:34,14.313066,69.012415,9.2,282.3
419003456,MV DISTANT HORIZON,Fishing,LK,SALALAH,21/08/2026 23:02:34,14.325058,68.962354,9.1,284.1
419003456,MV DISTANT HORIZON,Fishing,LK,SALALAH,21/08/2026 23:22:34,14.337049,68.91229,9.1,283.2
419003456,MV DISTANT HORIZON,Fishing,LK,SALALAH,21/08/2026 23:42:34,14.349041,68.862223,8.7,283.4
419003456,MV DISTANT HORIZON,Fishing,LK,SALALAH,22/08/2026 00:02:34,14.361033,68.812154,8.9,285.4
419003456,MV DISTANT HORIZON,Fishing,LK,SALALAH,22/08/2026 00:22:34,14.373024,68.762082,9.3,282.1
419003456,MV DISTANT HORIZON,Fishing,LK,SALALAH,22/08/2026 00:42:34,14.385016,68.712008,9.2,283.2
419003456,MV DISTANT HORIZON,Fishing,LK,SALALAH,22/08/2026 01:02:34,14.397008,68.661931,9.1,283.2
419003456,MV DISTANT HORIZON,Fishing,LK,SALALAH,22/08/2026 01:22:34,14.408999,68.611851,8.6,285.4
419003456,MV DISTANT HORIZON,Fishing,LK,SALALAH,22/08/2026 01:42:34,14.420991,68.561768,9.1,282.1
419003456,MV DISTANT HORIZON,Fishing,LK,SALALAH,22/08/2026 02:02:34,14.432982,68.511683,8.4,283.1
419003456,MV DISTANT HORIZON,Fishing,LK,SALALAH,22/08/2026 02:22:34,14.444974,68.461595,8.6,283.3
419003456,MV DISTANT HORIZON,Fishing,LK,SALALAH,22/08/2026 02:42:34,14.456966,68.411504,9.2,286.1
419003456,MV DISTANT HORIZON,Fishing,LK,SALALAH,22/08/2026 03:02:34,14.468957,68.36141,8.9,286.0
419003456,MV DISTANT HORIZON,Fishing,LK,SALALAH,22/08/2026 03:22:34,14.480949,68.311314,9.3,283.2
419003456,MV DISTANT HORIZON,Fishing,LK,SALALAH,22/08/2026 03:42:34,14.492941,68.261215,8.5,285.2
419003456,MV DISTANT HORIZON,Fishing,LK,SALALAH,22/08/2026 04:02:34,14.504932,68.211114,9.2,287.4
419003456,MV DISTANT HORIZON,Fishing,LK,SALALAH,22/08/2026 04:22:34,14.516924,68.16101,9.4,285.1
419003456,MV DISTANT HORIZON,Fishing,LK,SALALAH,22/08/2026 04:42:34,14.528915,68.110903,9.5,282.3
419003456,MV DISTANT HORIZON,Fishing,LK,SALALAH,22/08/2026 05:02:34,14.540907,68.060793,9.1,283.5
419003456,MV DISTANT HORIZON,Fishing,LK,SALALAH,22/08/2026 05:22:34,14.552899,68.01068,9.5,284.7
419003456,MV DISTANT HORIZON,Fishing,LK,SALALAH,22/08/2026 05:42:34,14.56489,67.960565,8.1,286.0
419003456,MV DISTANT HORIZON,Fishing,LK,SALALAH,22/08/2026 06:02:34,14.576882,67.910447,8.7,285.1
419003456,MV DISTANT HORIZON,Fishing,LK,SALALAH,22/08/2026 06:22:34,14.588873,67.860327,8.9,284.3
419003456,MV DISTANT HORIZON,Fishing,LK,SALALAH,22/08/2026 06:42:34,14.600865,67.810203,9.2,284.2
419003456,MV DISTANT HORIZON,Fishing,LK,SALALAH,22/08/2026 07:02:34,14.612856,67.760077,8.7,286.0
419003456,MV DISTANT HORIZON,Fishing,LK,SALALAH,22/08/2026 07:22:34,14.624848,67.709949,9.1,283.9
419003456,MV DISTANT HORIZON,Fishing,LK,SALALAH,22/08/2026 07:42:34,14.63684,67.659817,9.2,283.1
419003456,MV DISTANT HORIZON,Fishing,LK,SALALAH,22/08/2026 08:02:34,14.648831,67.609683,9.6,284.3
419003456,MV DISTANT HORIZON,Fishing,LK,SALALAH,22/08/2026 08:22:34,14.660823,67.559546,9.1,284.4
419003456,MV DISTANT HORIZON,Fishing,LK,SALALAH,22/08/2026 08:42:34,14.672814,67.509406,8.7,282.2
419003456,MV DISTANT HORIZON,Fishing,LK,SALALAH,22/08/2026 09:02:34,14.684806,67.459263,9.1,284.4
419003456,MV DISTANT HORIZON,Fishing,LK,SALALAH,22/08/2026 09:22:34,14.696797,67.409118,9.4,284.6
419003456,MV DISTANT HORIZON,Fishing,LK,SALALAH,22/08/2026 09:42:34,14.708789,67.35897,8.7,284.7
419003456,MV DISTANT HORIZON,Fishing,LK,SALALAH,22/08/2026 10:02:34,14.72078,67.308819,9.3,285.4
419003456,MV DISTANT HORIZON,Fishing,LK,SALALAH,22/08/2026 10:22:34,14.732772,67.258666,9.1,282.1
419003456,MV DISTANT HORIZON,Fishing,LK,SALALAH,22/08/2026 10:42:34,14.744763,67.208509,9.4,282.8
419003456,MV DISTANT HORIZON,Fishing,LK,SALALAH,22/08/2026 11:02:34,14.756755,67.15835,9.2,281.6
419003456,MV DISTANT HORIZON,Fishing,LK,SALALAH,22/08/2026 11:22:34,14.768746,67.108188,9.2,282.7
419003456,MV DISTANT HORIZON,Fishing,LK,SALALAH,22/08/2026 11:42:34,14.780738,67.058024,9.3,286.6
419003456,MV DISTANT HORIZON,Fishing,LK,SALALAH,22/08/2026 12:02:34,14.792729,67.007856,9.4,282.2
419003456,MV DISTANT HORIZON,Fishing,LK,SALALAH,22/08/2026 12:22:34,14.804721,66.957686,8.7,282.6
419003456,MV DISTANT HORIZON,Fishing,LK,SALALAH,22/08/2026 12:42:34,14.816712,66.907513,9.2,284.4
419003456,MV DISTANT HORIZON,Fishing,LK,SALALAH,22/08/2026 13:02:34,14.828704,66.857338,9.1,284.4
419003456,MV DISTANT HORIZON,Fishing,LK,SALALAH,22/08/2026 13:22:34,14.840695,66.807159,9.2,284.9
419003456,MV DISTANT HORIZON,Fishing,LK,SALALAH,22/08/2026 13:42:34,14.852687,66.756978,9.5,283.8
419003456,MV DISTANT HORIZON,Fishing,LK,SALALAH,22/08/2026 14:02:34,14.864678,66.706794,9.1,281.1
419003456,MV DISTANT HORIZON,Fishing,LK,SALALAH,22/08/2026 14:22:34,14.87667,66.656607,8.6,282.9
419003456,MV DISTANT HORIZON,Fishing,LK,SALALAH,22/08/2026 14:42:34,14.888661,66.606417,8.6,284.2
419003456,MV DISTANT HORIZON,Fishing,LK,SALALAH,22/08/2026 15:02:34,14.900653,66.556225,9.3,283.3
419003456,MV DISTANT HORIZON,Fishing,LK,SALALAH,22/08/2026 15:22:34,14.912644,66.50603,8.9,283.1
419003456,MV DISTANT HORIZON,Fishing,LK,SALALAH,22/08/2026 15:42:34,14.924636,66.455832,9.0,283.1
419003456,MV DISTANT HORIZON,Fishing,LK,SALALAH,22/08/2026 16:02:34,14.936627,66.405631,9.1,284.4
419003456,MV DISTANT HORIZON,Fishing,LK,SALALAH,22/08/2026 16:22:34,14.948619,66.355427,9.1,285.0
419003456,MV DISTANT HORIZON,Fishing,LK,SALALAH,22/08/2026 16:42:34,14.96061,66.305221,9.0,284.1
419003456,MV DISTANT HORIZON,Fishing,LK,SALALAH,22/08/2026 17:02:34,14.972601,66.255011,9.5,283.8
419003456,MV DISTANT HORIZON,Fishing,LK,SALALAH,22/08/2026 17:22:34,14.984593,66.204799,9.2,284.0
419003456,MV DISTANT HORIZON,Fishing,LK,SALALAH,22/08/2026 17:42:34,14.996584,66.154584,8.9,283.2
419003456,MV DISTANT HORIZON,Fishing,LK,SALALAH,22/08/2026 18:02:34,15.008576,66.104367,8.8,283.9
419003456,MV DISTANT HORIZON,Fishing,LK,SALALAH,22/08/2026 18:22:34,15.020567,66.054146,8.8,283.3
419003456,MV DISTANT HORIZON,Fishing,LK,SALALAH,22/08/2026 18:42:34,15.032559,66.003923,9.4,283.7
419003456,MV DISTANT HORIZON,Fishing,LK,SALALAH,22/08/2026 19:02:34,15.04455,65.953697,9.3,284.3
419003456,MV DISTANT HORIZON,Fishing,LK,SALALAH,22/08/2026 19:22:34,15.056541,65.903468,9.3,283.0
419003456,MV DISTANT HORIZON,Fishing,LK,SALALAH,22/08/2026 19:42:34,15.068533,65.853236,9.0,287.8
419003456,MV DISTANT HORIZON,Fishing,LK,SALALAH,22/08/2026 20:02:34,15.080524,65.803001,9.2,285.4
419003456,MV DISTANT HORIZON,Fishing,LK,SALALAH,22/08/2026 20:22:34,15.092516,65.752764,9.1,285.2
419003456,MV DISTANT HORIZON,Fishing,LK,SALALAH,22/08/2026 20:42:34,15.104507,65.702523,8.7,282.6
419003456,MV DISTANT HORIZON,Fishing,LK,SALALAH,22/08/2026 21:02:34,15.116498,65.65228,9.1,285.1
419003456,MV DISTANT HORIZON,Fishing,LK,SALALAH,22/08/2026 21:22:34,15.12849,65.602034,8.9,283.6
419003456,MV DISTANT HORIZON,Fishing,LK,SALALAH,22/08/2026 21:42:34,15.140481,65.551785,8.9,283.6
419003456,MV DISTANT HORIZON,Fishing,LK,SALALAH,22/08/2026 22:02:34,15.152472,65.501534,8.6,281.7
419003456,MV DISTANT HORIZON,Fishing,LK,SALALAH,22/08/2026 22:22:34,15.164464,65.451279,9.0,281.3
419003456,MV DISTANT HORIZON,Fishing,LK,SALALAH,22/08/2026 22:42:34,15.176455,65.401022,8.7,282.9
419003456,MV DISTANT HORIZON,Fishing,LK,SALALAH,22/08/2026 23:02:34,15.188446,65.350761,8.7,284.2
419003456,MV DISTANT HORIZON,Fishing,LK,SALALAH,22/08/2026 23:22:34,15.200438,65.300498,8.9,283.7
419003456,MV DISTANT HORIZON,Fishing,LK,SALALAH,22/08/2026 23:42:34,15.212429,65.250232,8.7,282.8
419003456,MV DISTANT HORIZON,Fishing,LK,SALALAH,23/08/2026 00:02:34,15.22442,65.199964,9.1,284.4
419003456,MV DISTANT HORIZON,Fishing,LK,SALALAH,23/08/2026 00:22:34,15.236412,65.149692,8.9,284.4
419003456,MV DISTANT HORIZON,Fishing,LK,SALALAH,23/08/2026 00:42:34,15.248403,65.099417,9.0,284.1
419003456,MV DISTANT HORIZON,Fishing,LK,SALALAH,23/08/2026 01:02:34,15.260394,65.04914,9.5,283.3
419003456,MV DISTANT HORIZON,Fishing,LK,SALALAH,23/08/2026 01:22:34,15.272386,64.99886,9.1,284.5
419003456,MV DISTANT HORIZON,Fishing,LK,SALALAH,23/08/2026 01:42:34,15.284377,64.948576,8.9,282.1
419003456,MV DISTANT HORIZON,Fishing,LK,SALALAH,23/08/2026 02:02:34,15.296368,64.89829,9.2,284.2
419003456,MV DISTANT HORIZON,Fishing,LK,SALALAH,23/08/2026 02:22:34,15.30836,64.848001,9.0,283.9
419003456,MV DISTANT HORIZON,Fishing,LK,SALALAH,23/08/2026 02:42:34,15.320351,64.79771,9.0,282.5
419003456,MV DISTANT HORIZON,Fishing,LK,SALALAH,23/08/2026 03:02:34,15.332342,64.747415,9.1,281.1
419003456,MV DISTANT HORIZON,Fishing,LK,SALALAH,23/08/2026 03:22:34,15.344334,64.697117,9.0,281.6
419003456,MV DISTANT HORIZON,Fishing,LK,SALALAH,23/08/2026 03:42:34,15.356325,64.646817,8.9,284.9
419003456,MV DISTANT HORIZON,Fishing,LK,SALALAH,23/08/2026 04:02:34,15.368316,64.596513,8.9,283.1
419003456,MV DISTANT HORIZON,Fishing,LK,SALALAH,23/08/2026 04:22:34,15.380307,64.546207,9.1,283.4
419003456,MV DISTANT HORIZON,Fishing,LK,SALALAH,23/08/2026 04:42:34,15.392299,64.495898,8.9,283.2
419003456,MV DISTANT HORIZON,Fishing,LK,SALALAH,23/08/2026 05:02:34,15.40429,64.445586,9.4,284.8
419003456,MV DISTANT HORIZON,Fishing,LK,SALALAH,23/08/2026 05:22:34,15.416281,64.395271,9.1,282.0
419003456,MV DISTANT HORIZON,Fishing,LK,SALALAH,23/08/2026 05:42:34,15.428272,64.344953,9.2,281.9
419003456,MV DISTANT HORIZON,Fishing,LK,SALALAH,23/08/2026 06:02:34,15.440264,64.294632,9.1,282.1
419003456,MV DISTANT HORIZON,Fishing,LK,SALALAH,23/08/2026 06:22:34,15.452255,64.244309,9.6,281.3
419003456,MV DISTANT HORIZON,Fishing,LK,SALALAH,23/08/2026 06:42:34,15.464246,64.193982,9.3,285.0
419003456,MV DISTANT HORIZON,Fishing,LK,SALALAH,23/08/2026 07:02:34,15.476237,64.143653,8.4,283.4
419003456,MV DISTANT HORIZON,Fishing,LK,SALALAH,23/08/2026 07:22:34,15.488229,64.09332,9.4,285.5
419003456,MV DISTANT HORIZON,Fishing,LK,SALALAH,23/08/2026 07:42:34,15.50022,64.042985,8.5,283.0
419003456,MV DISTANT HORIZON,Fishing,LK,SALALAH,23/08/2026 08:02:34,15.512211,63.992646,8.6,282.3
419003456,MV DISTANT HORIZON,Fishing,LK,SALALAH,23/08/2026 08:22:34,15.524202,63.942305,8.8,286.6
419003456,MV DISTANT HORIZON,Fishing,LK,SALALAH,23/08/2026 08:42:34,15.536194,63.891961,9.0,283.5
419003456,MV DISTANT HORIZON,Fishing,LK,SALALAH,23/08/2026 09:02:34,15.548185,63.841614,8.9,284.8
419003456,MV DISTANT HORIZON,Fishing,LK,SALALAH,23/08/2026 09:22:34,15.560176,63.791264,9.2,282.4
419003456,MV DISTANT HORIZON,Fishing,LK,SALALAH,23/08/2026 09:42:34,15.572167,63.740911,9.4,282.2
419003456,MV DISTANT HORIZON,Fishing,LK,SALALAH,23/08/2026 10:02:34,15.584158,63.690555,8.9,284.5
419003456,MV DISTANT HORIZON,Fishing,LK,SALALAH,23/08/2026 10:22:34,15.59615,63.640196,9.5,283.3
419003456,MV DISTANT HORIZON,Fishing,LK,SALALAH,23/08/2026 10:42:34,15.608141,63.589835,9.1,285.7
419003456,MV DISTANT HORIZON,Fishing,LK,SALALAH,23/08/2026 11:02:34,15.620132,63.53947,9.2,285.5
419003456,MV DISTANT HORIZON,Fishing,LK,SALALAH,23/08/2026 11:22:34,15.632123,63.489102,9.3,284.2
419003456,MV DISTANT HORIZON,Fishing,LK,SALALAH,23/08/2026 11:42:34,15.644114,63.438732,9.2,285.2
419003456,MV DISTANT HORIZON,Fishing,LK,SALALAH,23/08/2026 12:02:34,15.656105,63.388358,9.0,286.2
419003456,MV DISTANT HORIZON,Fishing,LK,SALALAH,23/08/2026 12:22:34,15.668097,63.337982,8.4,282.4
419003456,MV DISTANT HORIZON,Fishing,LK,SALALAH,23/08/2026 12:42:34,15.680088,63.287602,9.4,284.4
419003456,MV DISTANT HORIZON,Fishing,LK,SALALAH,23/08/2026 13:02:34,15.692079,63.23722,8.8,284.4
419003456,MV DISTANT HORIZON,Fishing,LK,SALALAH,23/08/2026 13:22:34,15.70407,63.186834,9.3,283.0
419003456,MV DISTANT HORIZON,Fishing,LK,SALALAH,23/08/2026 13:42:34,15.716061,63.136446,9.2,283.6
419003456,MV DISTANT HORIZON,Fishing,LK,SALALAH,23/08/2026 14:02:34,15.728052,63.086055,8.9,283.7
419003456,MV DISTANT HORIZON,Fishing,LK,SALALAH,23/08/2026 14:22:34,15.740044,63.03566,9.3,282.1
419003456,MV DISTANT HORIZON,Fishing,LK,SALALAH,23/08/2026 14:42:34,15.752035,62.985263,8.9,284.8
419003456,MV DISTANT HORIZON,Fishing,LK,SALALAH,23/08/2026 15:02:34,15.764026,62.934863,8.6,281.4
419003456,MV DISTANT HORIZON,Fishing,LK,SALALAH,23/08/2026 15:22:34,15.776017,62.88446,9.2,283.8
419003456,MV DISTANT HORIZON,Fishing,LK,SALALAH,23/08/2026 15:42:34,15.788008,62.834054,8.9,284.0
419003456,MV DISTANT HORIZON,Fishing,LK,SALALAH,23/08/2026 16:02:34,15.799999,62.783644,8.7,288.2
419003456,MV DISTANT HORIZON,Fishing,LK,SALALAH,23/08/2026 16:22:34,15.81199,62.733232,8.7,283.1
419003456,MV DISTANT HORIZON,Fishing,LK,SALALAH,23/08/2026 16:42:34,15.823981,62.682817,8.6,283.2
419003456,MV DISTANT HORIZON,Fishing,LK,SALALAH,23/08/2026 17:02:34,15.835972,62.632399,9.4,283.8
419003456,MV DISTANT HORIZON,Fishing,LK,SALALAH,23/08/2026 17:22:34,15.847964,62.581978,9.2,283.1
419003456,MV DISTANT HORIZON,Fishing,LK,SALALAH,23/08/2026 17:42:34,15.859955,62.531554,9.5,284.0
419003456,MV DISTANT HORIZON,Fishing,LK,SALALAH,23/08/2026 18:02:34,15.871946,62.481126,8.6,285.0
419003456,MV DISTANT HORIZON,Fishing,LK,SALALAH,23/08/2026 18:22:34,15.883937,62.430696,8.9,284.7
419003456,MV DISTANT HORIZON,Fishing,LK,SALALAH,23/08/2026 18:42:34,15.895928,62.380263,9.0,284.2
419003456,MV DISTANT HORIZON,Fishing,LK,SALALAH,23/08/2026 19:02:34,15.907919,62.329827,9.0,282.4
419003456,MV DISTANT HORIZON,Fishing,LK,SALALAH,23/08/2026 19:22:34,15.91991,62.279388,8.5,285.3
419003456,MV DISTANT HORIZON,Fishing,LK,SALALAH,23/08/2026 19:42:34,15.931901,62.228946,8.9,284.2
419003456,MV DISTANT HORIZON,Fishing,LK,SALALAH,23/08/2026 20:02:34,15.943892,62.1785,8.8,280.8
419003456,MV DISTANT HORIZON,Fishing,LK,SALALAH,23/08/2026 20:22:34,15.955883,62.128052,8.6,285.9
419003456,MV DISTANT HORIZON,Fishing,LK,SALALAH,23/08/2026 20:42:34,15.967874,62.077601,8.7,283.2
419003456,MV DISTANT HORIZON,Fishing,LK,SALALAH,23/08/2026 21:02:34,15.979865,62.027147,8.5,283.0
419003456,MV DISTANT HORIZON,Fishing,LK,SALALAH,23/08/2026 21:22:34,15.991856,61.976689,8.9,283.5
419003456,MV DISTANT HORIZON,Fishing,LK,SALALAH,23/08/2026 21:42:34,16.003847,61.926229,9.0,282.8
419003456,MV DISTANT HORIZON,Fishing,LK,SALALAH,23/08/2026 22:02:34,16.015838,61.875766,8.8,283.8
419003456,MV DISTANT HORIZON,Fishing,LK,SALALAH,23/08/2026 22:22:34,16.027829,61.825299,9.1,283.6
419003456,MV DISTANT HORIZON,Fishing,LK,SALALAH,23/08/2026 22:42:34,16.03982,61.77483,9.5,284.1
419003456,MV DISTANT HORIZON,Fishing,LK,SALALAH,23/08/2026 23:02:34,16.051811,61.724358,9.0,282.8
419003456,MV DISTANT HORIZON,Fishing,LK,SALALAH,23/08/2026 23:22:34,16.063802,61.673882,9.3,282.3
419003456,MV DISTANT HORIZON,Fishing,LK,SALALAH,23/08/2026 23:42:34,16.075793,61.623404,8.5,282.3
419003456,MV DISTANT HORIZON,Fishing,LK,SALALAH,24/08/2026 00:02:34,16.087784,61.572922,9.2,282.1
419003456,MV DISTANT HORIZON,Fishing,LK,SALALAH,24/08/2026 00:22:34,16.099775,61.522437,9.4,283.8
419003456,MV DISTANT HORIZON,Fishing,LK,SALALAH,24/08/2026 00:42:34,16.111766,61.47195,8.5,283.4
419003456,MV DISTANT HORIZON,Fishing,LK,SALALAH,24/08/2026 01:02:34,16.123757,61.421459,9.5,282.5
419003456,MV DISTANT HORIZON,Fishing,LK,SALALAH,24/08/2026 01:22:34,16.135748,61.370965,8.6,284.6
419003456,MV DISTANT HORIZON,Fishing,LK,SALALAH,24/08/2026 01:42:34,16.147739,61.320468,9.4,285.3
419003456,MV DISTANT HORIZON,Fishing,LK,SALALAH,24/08/2026 02:02:34,16.15973,61.269968,8.9,284.1
419003456,MV DISTANT HORIZON,Fishing,LK,SALALAH,24/08/2026 02:22:34,16.171721,61.219465,9.1,285.5
419003456,MV DISTANT HORIZON,Fishing,LK,SALALAH,24/08/2026 02:42:34,16.183712,61.168959,9.6,283.6
419003456,MV DISTANT HORIZON,Fishing,LK,SALALAH,24/08/2026 03:02:34,16.195703,61.11845,9.4,283.3
419003456,MV DISTANT HORIZON,Fishing,LK,SALALAH,24/08/2026 03:22:34,16.207694,61.067938,9.2,282.4
419003456,MV DISTANT HORIZON,Fishing,LK,SALALAH,24/08/2026 03:42:34,16.219685,61.017423,8.7,284.4
419003456,MV DISTANT HORIZON,Fishing,LK,SALALAH,24/08/2026 04:02:34,16.231676,60.966905,8.7,285.1
419003456,MV DISTANT HORIZON,Fishing,LK,SALALAH,24/08/2026 04:22:34,16.243667,60.916383,8.8,283.9
419003456,MV DISTANT HORIZON,Fishing,LK,SALALAH,24/08/2026 04:42:34,16.255658,60.865859,9.0,283.3
419003456,MV DISTANT HORIZON,Fishing,LK,SALALAH,24/08/2026 05:02:34,16.267649,60.815331,9.0,285.4
419003456,MV DISTANT HORIZON,Fishing,LK,SALALAH,24/08/2026 05:22:34,16.27964,60.7648,9.9,282.0
419003456,MV DISTANT HORIZON,Fishing,LK,SALALAH,24/08/2026 05:42:34,16.291631,60.714267,9.1,283.5
419003456,MV DISTANT HORIZON,Fishing,LK,SALALAH,24/08/2026 06:02:34,16.303622,60.66373,8.7,284.2
419003456,MV DISTANT HORIZON,Fishing,LK,SALALAH,24/08/2026 06:22:34,16.315613,60.61319,8.7,283.7
419003456,MV DISTANT HORIZON,Fishing,LK,SALALAH,24/08/2026 06:42:34,16.327604,60.562647,9.4,280.8
419003456,MV DISTANT HORIZON,Fishing,LK,SALALAH,24/08/2026 07:02:34,16.339594,60.512101,9.1,284.5
419003456,MV DISTANT HORIZON,Fishing,LK,SALALAH,24/08/2026 07:22:34,16.351585,60.461552,8.7,284.6
419003456,MV DISTANT HORIZON,Fishing,LK,SALALAH,24/08/2026 07:42:34,16.363576,60.410999,9.1,283.3
419003456,MV DISTANT HORIZON,Fishing,LK,SALALAH,24/08/2026 08:02:34,16.375567,60.360444,9.3,281.8
419003456,MV DISTANT HORIZON,Fishing,LK,SALALAH,24/08/2026 08:22:34,16.387558,60.309885,9.2,283.4
419003456,MV DISTANT HORIZON,Fishing,LK,SALALAH,24/08/2026 08:42:34,16.399549,60.259324,8.7,283.5
419003456,MV DISTANT HORIZON,Fishing,LK,SALALAH,24/08/2026 09:02:34,16.41154,60.208759,8.9,285.0
419003456,MV DISTANT HORIZON,Fishing,LK,SALALAH,24/08/2026 09:22:34,16.423531,60.158191,8.5,283.5
419003456,MV DISTANT HORIZON,Fishing,LK,SALALAH,24/08/2026 09:42:34,16.435521,60.10762,8.8,286.1
419003456,MV DISTANT HORIZON,Fishing,LK,SALALAH,24/08/2026 10:02:34,16.447512,60.057046,8.6,285.4
419003456,MV DISTANT HORIZON,Fishing,LK,SALALAH,24/08/2026 10:22:34,16.459503,60.006468,8.5,284.3
419003456,MV DISTANT HORIZON,Fishing,LK,SALALAH,24/08/2026 10:42:34,16.471494,59.955888,8.9,284.3
419003456,MV DISTANT HORIZON,Fishing,LK,SALALAH,24/08/2026 11:02:34,16.483485,59.905304,8.8,280.9
419003456,MV DISTANT HORIZON,Fishing,LK,SALALAH,24/08/2026 11:22:34,16.495476,59.854718,8.5,285.7
419003456,MV DISTANT HORIZON,Fishing,LK,SALALAH,24/08/2026 11:42:34,16.507467,59.804128,9.0,282.5
419003456,MV DISTANT HORIZON,Fishing,LK,SALALAH,24/08/2026 12:02:34,16.519457,59.753535,9.2,282.7
419003456,MV DISTANT HORIZON,Fishing,LK,SALALAH,24/08/2026 12:22:34,16.531448,59.702939,8.8,281.9
419003456,MV DISTANT HORIZON,Fishing,LK,SALALAH,24/08/2026 12:42:34,16.543439,59.65234,9.3,286.7
419003456,MV DISTANT HORIZON,Fishing,LK,SALALAH,24/08/2026 13:02:34,16.55543,59.601737,8.7,284.2
419003456,MV DISTANT HORIZON,Fishing,LK,SALALAH,24/08/2026 13:22:34,16.567421,59.551132,9.3,286.9
419003456,MV DISTANT HORIZON,Fishing,LK,SALALAH,24/08/2026 13:42:34,16.579412,59.500523,8.3,284.0
419003456,MV DISTANT HORIZON,Fishing,LK,SALALAH,24/08/2026 14:02:34,16.591402,59.449911,9.2,281.5
419003456,MV DISTANT HORIZON,Fishing,LK,SALALAH,24/08/2026 14:22:34,16.603393,59.399296,9.1,284.1
419003456,MV DISTANT HORIZON,Fishing,LK,SALALAH,24/08/2026 14:42:34,16.615384,59.348678,9.2,282.9
419003456,MV DISTANT HORIZON,Fishing,LK,SALALAH,24/08/2026 15:02:34,16.627375,59.298057,9.1,282.8
419003456,MV DISTANT HORIZON,Fishing,LK,SALALAH,24/08/2026 15:22:34,16.639365,59.247432,9.2,284.0
419003456,MV DISTANT HORIZON,Fishing,LK,SALALAH,24/08/2026 15:42:34,16.651356,59.196805,8.9,281.6
419003456,MV DISTANT HORIZON,Fishing,LK,SALALAH,24/08/2026 16:02:34,16.663347,59.146174,9.5,285.4
419003456,MV DISTANT HORIZON,Fishing,LK,SALALAH,24/08/2026 16:22:34,16.675338,59.09554,9.2,282.8
419003456,MV DISTANT HORIZON,Fishing,LK,SALALAH,24/08/2026 16:42:34,16.687329,59.044903,8.9,286.3
419003456,MV DISTANT HORIZON,Fishing,LK,SALALAH,24/08/2026 17:02:34,16.699319,58.994262,9.2,282.5
419003456,MV DISTANT HORIZON,Fishing,LK,SALALAH,24/08/2026 17:22:34,16.71131,58.943619,9.0,284.0
419003456,MV DISTANT HORIZON,Fishing,LK,SALALAH,24/08/2026 17:42:34,16.723301,58.892972,8.9,282.3
419003456,MV DISTANT HORIZON,Fishing,LK,SALALAH,24/08/2026 18:02:34,16.735292,58.842322,9.3,284.6
419003456,MV DISTANT HORIZON,Fishing,LK,SALALAH,24/08/2026 18:22:34,16.747282,58.791669,8.9,281.4
419003456,MV DISTANT HORIZON,Fishing,LK,SALALAH,24/08/2026 18:42:34,16.759273,58.741013,8.8,283.8
419003456,MV DISTANT HORIZON,Fishing,LK,SALALAH,24/08/2026 19:02:34,16.771264,58.690354,9.2,283.2
419003456,MV DISTANT HORIZON,Fishing,LK,SALALAH,24/08/2026 19:22:34,16.783255,58.639691,9.3,284.0
419003456,MV DISTANT HORIZON,Fishing,LK,SALALAH,24/08/2026 19:42:34,16.795245,58.589025,8.8,279.6
419003456,MV DISTANT HORIZON,Fishing,LK,SALALAH,24/08/2026 20:02:34,16.807236,58.538356,8.6,281.5
419003456,MV DISTANT HORIZON,Fishing,LK,SALALAH,24/08/2026 20:22:34,16.819227,58.487684,8.9,284.3
419003456,MV DISTANT HORIZON,Fishing,LK,SALALAH,24/08/2026 20:42:34,16.831217,58.437008,9.4,283.8
419003456,MV DISTANT HORIZON,Fishing,LK,SALALAH,24/08/2026 21:02:34,16.843208,58.38633,8.6,287.3
419003456,MV DISTANT HORIZON,Fishing,LK,SALALAH,24/08/2026 21:22:34,16.855199,58.335648,9.1,283.4
419003456,MV DISTANT HORIZON,Fishing,LK,SALALAH,24/08/2026 21:42:34,16.86719,58.284963,8.9,281.8
419003456,MV DISTANT HORIZON,Fishing,LK,SALALAH,24/08/2026 22:02:34,16.87918,58.234274,9.2,284.3
419003456,MV DISTANT HORIZON,Fishing,LK,SALALAH,24/08/2026 22:22:34,16.891171,58.183583,9.5,285.4
419003456,MV DISTANT HORIZON,Fishing,LK,SALALAH,24/08/2026 22:42:34,16.903162,58.132888,9.2,285.7
419003456,MV DISTANT HORIZON,Fishing,LK,SALALAH,24/08/2026 23:02:34,16.915152,58.08219,8.9,283.1
419003456,MV DISTANT HORIZON,Fishing,LK,SALALAH,24/08/2026 23:22:34,16.927143,58.031489,9.0,281.9
419003456,MV DISTANT HORIZON,Fishing,LK,SALALAH,24/08/2026 23:42:34,16.939134,57.980784,8.9,283.3
419003456,MV DISTANT HORIZON,Fishing,LK,SALALAH,25/08/2026 00:02:34,16.951124,57.930077,9.2,283.8
419003456,MV DISTANT HORIZON,Fishing,LK,SALALAH,25/08/2026 00:22:34,16.963115,57.879366,8.4,283.8
419003456,MV DISTANT HORIZON,Fishing,LK,SALALAH,25/08/2026 00:42:34,16.975106,57.828651,9.4,281.1
419003456,MV DISTANT HORIZON,Fishing,LK,SALALAH,25/08/2026 01:02:34,16.987096,57.777934,8.8,283.8
419003456,MV DISTANT HORIZON,Fishing,LK,SALALAH,25/08/2026 01:22:34,16.999087,57.727213,8.6,283.0
419003456,MV DISTANT HORIZON,Fishing,LK,SALALAH,25/08/2026 01:42:34,17.011078,57.67649,9.0,281.8
419003456,MV DISTANT HORIZON,Fishing,LK,SALALAH,25/08/2026 02:02:34,17.023068,57.625762,9.1,284.4
419003456,MV DISTANT HORIZON,Fishing,LK,SALALAH,25/08/2026 02:22:34,17.035059,57.575032,8.6,283.9
419003456,MV DISTANT HORIZON,Fishing,LK,SALALAH,25/08/2026 02:42:34,17.047049,57.524298,9.3,283.6
419003456,MV DISTANT HORIZON,Fishing,LK,SALALAH,25/08/2026 03:02:34,17.05904,57.473561,9.1,284.8
419003456,MV DISTANT HORIZON,Fishing,LK,SALALAH,25/08/2026 03:22:34,17.071031,57.422821,8.9,285.3
419003456,MV DISTANT HORIZON,Fishing,LK,SALALAH,25/08/2026 03:42:34,17.083021,57.372078,9.1,282.3
419003456,MV DISTANT HORIZON,Fishing,LK,SALALAH,25/08/2026 04:02:34,17.095012,57.321331,9.1,285.1
419003456,MV DISTANT HORIZON,Fishing,LK,SALALAH,25/08/2026 04:22:34,17.107003,57.270581,9.2,282.9
419003456,MV DISTANT HORIZON,Fishing,LK,SALALAH,25/08/2026 04:42:34,17.118993,57.219828,9.1,285.9
419003456,MV DISTANT HORIZON,Fishing,LK,SALALAH,25/08/2026 05:02:34,17.130984,57.169072,9.1,285.6
419003456,MV DISTANT HORIZON,Fishing,LK,SALALAH,25/08/2026 05:22:34,17.142974,57.118312,9.4,283.8
419003456,MV DISTANT HORIZON,Fishing,LK,SALALAH,25/08/2026 05:42:34,17.154965,57.067549,9.2,283.4
419003456,MV DISTANT HORIZON,Fishing,LK,SALALAH,25/08/2026 06:02:34,17.166955,57.016782,9.3,283.7
419003456,MV DISTANT HORIZON,Fishing,LK,SALALAH,25/08/2026 06:22:34,17.178946,56.966013,8.8,283.8
419003456,MV DISTANT HORIZON,Fishing,LK,SALALAH,25/08/2026 06:42:34,17.190937,56.91524,9.0,284.4
419003456,MV DISTANT HORIZON,Fishing,LK,SALALAH,25/08/2026 07:02:34,17.202927,56.864464,9.1,282.1
419003456,MV DISTANT HORIZON,Fishing,LK,SALALAH,25/08/2026 07:22:34,17.214918,56.813684,8.8,284.4
419003456,MV DISTANT HORIZON,Fishing,LK,SALALAH,25/08/2026 07:42:34,17.226908,56.762901,9.1,284.0
419003456,MV DISTANT HORIZON,Fishing,LK,SALALAH,25/08/2026 08:02:34,17.238899,56.712115,9.8,285.5
419003456,MV DISTANT HORIZON,Fishing,LK,SALALAH,25/08/2026 08:22:34,17.250889,56.661326,9.0,285.0
419003456,MV DISTANT HORIZON,Fishing,LK,SALALAH,25/08/2026 08:42:34,17.26288,56.610533,9.4,284.4
419003456,MV DISTANT HORIZON,Fishing,LK,SALALAH,25/08/2026 09:02:34,17.27487,56.559737,8.5,284.0
419003456,MV DISTANT HORIZON,Fishing,LK,SALALAH,25/08/2026 09:22:34,17.286861,56.508938,9.0,287.1
419003456,MV DISTANT HORIZON,Fishing,LK,SALALAH,25/08/2026 09:42:34,17.298852,56.458135,8.4,286.2
419003456,MV DISTANT HORIZON,Fishing,LK,SALALAH,25/08/2026 10:02:34,17.310842,56.40733,9.0,285.3
419003456,MV DISTANT HORIZON,Fishing,LK,SALALAH,25/08/2026 10:22:34,17.322833,56.35652,8.9,284.2
419003456,MV DISTANT HORIZON,Fishing,LK,SALALAH,25/08/2026 10:42:34,17.334823,56.305708,9.3,284.0
419003456,MV DISTANT HORIZON,Fishing,LK,SALALAH,25/08/2026 11:02:34,17.346814,56.254892,9.3,283.8
419003456,MV DISTANT HORIZON,Fishing,LK,SALALAH,25/08/2026 11:22:34,17.358804,56.204073,8.9,283.6
419003456,MV DISTANT HORIZON,Fishing,LK,SALALAH,25/08/2026 11:42:34,17.370795,56.15325,8.9,283.7
419003456,MV DISTANT HORIZON,Fishing,LK,SALALAH,25/08/2026 12:02:34,17.382785,56.102424,9.4,282.2
419003456,MV DISTANT HORIZON,Fishing,LK,SALALAH,25/08/2026 12:22:34,17.394776,56.051595,8.5,283.9
419003456,MV DISTANT HORIZON,Fishing,LK,SALALAH,25/08/2026 12:42:34,17.406766,56.000763,9.5,285.5
419003456,MV DISTANT HORIZON,Fishing,LK,SALALAH,25/08/2026 13:02:34,17.418757,55.949927,9.4,285.8
419003456,MV DISTANT HORIZON,Fishing,LK,SALALAH,25/08/2026 13:22:34,17.430747,55.899088,8.8,284.1
419003456,MV DISTANT HORIZON,Fishing,LK,SALALAH,25/08/2026 13:42:34,17.442738,55.848245,8.2,283.0
419003456,MV DISTANT HORIZON,Fishing,LK,SALALAH,25/08/2026 14:02:34,17.454728,55.797399,9.2,281.6
419003456,MV DISTANT HORIZON,Fishing,LK,SALALAH,25/08/2026 14:22:34,17.466718,55.74655,8.4,282.0
419003456,MV DISTANT HORIZON,Fishing,LK,SALALAH,25/08/2026 14:42:34,17.478709,55.695698,9.1,285.7
419003456,MV DISTANT HORIZON,Fishing,LK,SALALAH,25/08/2026 15:02:34,17.490699,55.644842,9.8,286.1
419003456,MV DISTANT HORIZON,Fishing,LK,SALALAH,25/08/2026 15:22:34,17.50269,55.593982,8.6,280.5
419003456,MV DISTANT HORIZON,Fishing,LK,SALALAH,25/08/2026 15:42:34,17.51468,55.54312,9.1,285.5
419003456,MV DISTANT HORIZON,Fishing,LK,SALALAH,25/08/2026 16:02:34,17.526671,55.492254,8.5,283.2
419003456,MV DISTANT HORIZON,Fishing,LK,SALALAH,25/08/2026 16:22:34,17.538661,55.441384,8.9,284.0
419003456,MV DISTANT HORIZON,Fishing,LK,SALALAH,25/08/2026 16:42:34,17.550652,55.390512,9.0,284.7
419003456,MV DISTANT HORIZON,Fishing,LK,SALALAH,25/08/2026 17:02:34,17.562642,55.339636,9.3,284.1
419003456,MV DISTANT HORIZON,Fishing,LK,SALALAH,25/08/2026 17:22:34,17.574632,55.288756,9.2,287.0
419003456,MV DISTANT HORIZON,Fishing,LK,SALALAH,25/08/2026 17:42:34,17.586623,55.237873,8.7,282.4
419003456,MV DISTANT HORIZON,Fishing,LK,SALALAH,25/08/2026 18:02:34,17.598613,55.186987,9.2,286.8
419003456,MV DISTANT HORIZON,Fishing,LK,SALALAH,25/08/2026 18:22:34,17.610604,55.136098,9.1,285.6
419003456,MV DISTANT HORIZON,Fishing,LK,SALALAH,25/08/2026 18:42:34,17.622594,55.085205,8.9,285.4
419003456,MV DISTANT HORIZON,Fishing,LK,SALALAH,25/08/2026 19:02:34,17.634584,55.034308,8.8,285.0
419003456,MV DISTANT HORIZON,Fishing,LK,SALALAH,25/08/2026 19:22:34,17.646575,54.983408,9.1,284.6
419003456,MV DISTANT HORIZON,Fishing,LK,SALALAH,25/08/2026 19:42:34,17.658565,54.932505,9.4,285.6
419003456,MV DISTANT HORIZON,Fishing,LK,SALALAH,25/08/2026 20:02:34,17.670556,54.881599,8.8,285.3
419003456,MV DISTANT HORIZON,Fishing,LK,SALALAH,25/08/2026 20:22:34,17.682546,54.830689,8.5,285.5
419003456,MV DISTANT HORIZON,Fishing,LK,SALALAH,25/08/2026 20:42:34,17.694536,54.779776,9.9,284.8
419003456,MV DISTANT HORIZON,Fishing,LK,SALALAH,25/08/2026 21:02:34,17.706527,54.728859,9.2,284.1
419003456,MV DISTANT HORIZON,Fishing,LK,SALALAH,25/08/2026 21:22:34,17.718517,54.677939,9.3,283.4
419003456,MV DISTANT HORIZON,Fishing,LK,SALALAH,25/08/2026 21:42:34,17.730507,54.627015,9.2,283.7
419003456,MV DISTANT HORIZON,Fishing,LK,SALALAH,25/08/2026 22:02:34,17.742498,54.576088,8.9,284.3
419003456,MV DISTANT HORIZON,Fishing,LK,SALALAH,25/08/2026 22:22:34,17.754488,54.525158,9.0,281.5
419003456,MV DISTANT HORIZON,Fishing,LK,SALALAH,25/08/2026 22:42:34,17.766479,54.474224,9.7,284.3
419003456,MV DISTANT HORIZON,Fishing,LK,SALALAH,25/08/2026 23:02:34,17.778469,54.423287,8.5,285.7
419003456,MV DISTANT HORIZON,Fishing,LK,SALALAH,25/08/2026 23:22:34,17.790459,54.372346,9.0,284.4
419003456,MV DISTANT HORIZON,Fishing,LK,SALALAH,25/08/2026 23:42:34,17.80245,54.321402,9.2,282.7
419003456,MV DISTANT HORIZON,Fishing,LK,SALALAH,26/08/2026 00:02:34,17.81444,54.270455,8.2,283.9
419003456,MV DISTANT HORIZON,Fishing,LK,SALALAH,26/08/2026 00:22:34,16.94,54.005,9.1,285.6
